Industry,Date,Month,Year,Number of Employed Persons
construction,2014-01-01,Jan,2014,5598.1
construction,2014-02-01,Feb,2014,5611.5
construction,2014-03-01,Mar,2014,5637.3
construction,2014-04-01,Apr,2014,5667.6
construction,2014-05-01,May,2014,5714.4
construction,2014-06-01,Jun,2014,5738.0
construction,2014-07-01,Jul,2014,5765.2
construction,2014-08-01,Aug,2014,5791.9
construction,2014-09-01,Sep,2014,5824.8
construction,2014-10-01,Oct,2014,5843.5
construction,2014-11-01,Nov,2014,5870.6
construction,2014-12-01,Dec,2014,5897.7
construction,2015-01-01,Jan,2015,5919.3
construction,2015-02-01,Feb,2015,5937.8
construction,2015-03-01,Mar,2015,5928.4
construction,2015-04-01,Apr,2015,5963.0
construction,2015-05-01,May,2015,6015.2
construction,2015-06-01,Jun,2015,6033.6
construction,2015-07-01,Jul,2015,6056.4
construction,2015-08-01,Aug,2015,6088.8
construction,2015-09-01,Sep,2015,6099.7
construction,2015-10-01,Oct,2015,6145.8
construction,2015-11-01,Nov,2015,6173.8
construction,2015-12-01,Dec,2015,6212.9
construction,2016-01-01,Jan,2016,6220.4
construction,2016-02-01,Feb,2016,6232.6
construction,2016-03-01,Mar,2016,6244.6
construction,2016-04-01,Apr,2016,6285.2
construction,2016-05-01,May,2016,6267.5
construction,2016-06-01,Jun,2016,6267.8
construction,2016-07-01,Jul,2016,6313.7
construction,2016-08-01,Aug,2016,6319.6
construction,2016-09-01,Sep,2016,6345.6
construction,2016-10-01,Oct,2016,6360.3
construction,2016-11-01,Nov,2016,6384.2
construction,2016-12-01,Dec,2016,6385.4
construction,2017-01-01,Jan,2017,6397.0
construction,2017-02-01,Feb,2017,6438.6
construction,2017-03-01,Mar,2017,6461.7
construction,2017-04-01,Apr,2017,6476.0
construction,2017-05-01,May,2017,6506.2
construction,2017-06-01,Jun,2017,6532.9
construction,2017-07-01,Jul,2017,6538.4
construction,2017-08-01,Aug,2017,6555.7
construction,2017-09-01,Sep,2017,6548.3
construction,2017-10-01,Oct,2017,6597.7
construction,2017-11-01,Nov,2017,6621.8
construction,2017-12-01,Dec,2017,6652.4
construction,2018-01-01,Jan,2018,6664.1
construction,2018-02-01,Feb,2018,6731.3
construction,2018-03-01,Mar,2018,6741.5
construction,2018-04-01,Apr,2018,6746.0
construction,2018-05-01,May,2018,6780.6
construction,2018-06-01,Jun,2018,6819.1
construction,2018-07-01,Jul,2018,6833.3
construction,2018-08-01,Aug,2018,6858.0
construction,2018-09-01,Sep,2018,6877.3
construction,2018-10-01,Oct,2018,6907.2
construction,2018-11-01,Nov,2018,6909.9
construction,2018-12-01,Dec,2018,6933.0
construction,2019-01-01,Jan,2019,6974.9
construction,2019-02-01,Feb,2019,6945.6
construction,2019-03-01,Mar,2019,6965.9
construction,2019-04-01,Apr,2019,6993.0
construction,2019-05-01,May,2019,7009.1
construction,2019-06-01,Jun,2019,7026.2
construction,2019-07-01,Jul,2019,7044.9
construction,2019-08-01,Aug,2019,7069.0
construction,2019-09-01,Sep,2019,7087.9
construction,2019-10-01,Oct,2019,7086.1
construction,2019-11-01,Nov,2019,7090.8
construction,2019-12-01,Dec,2019,7082.4
construction,2020-01-01,Jan,2020,7109.5
construction,2020-02-01,Feb,2020,7122.1
construction,2020-03-01,Mar,2020,7077.8
construction,2020-04-01,Apr,2020,6120.6
construction,2020-05-01,May,2020,6529.2
construction,2020-06-01,Jun,2020,6694.0
construction,2020-07-01,Jul,2020,6696.6
construction,2020-08-01,Aug,2020,6760.5
construction,2020-09-01,Sep,2020,6782.1
construction,2020-10-01,Oct,2020,6832.9
construction,2020-11-01,Nov,2020,6853.8
construction,2020-12-01,Dec,2020,6894.7
construction,2021-01-01,Jan,2021,6895.7
construction,2021-02-01,Feb,2021,6837.6
construction,2021-03-01,Mar,2021,6948.1
construction,2021-04-01,Apr,2021,6974.3
construction,2021-05-01,May,2021,6966.7
construction,2021-06-01,Jun,2021,6965.2
construction,2021-07-01,Jul,2021,7007.2
construction,2021-08-01,Aug,2021,7008.6
construction,2021-09-01,Sep,2021,7014.7
construction,2021-10-01,Oct,2021,7079.3
construction,2021-11-01,Nov,2021,7118.2
construction,2021-12-01,Dec,2021,7142.7
construction,2022-01-01,Jan,2022,7151.0
construction,2022-02-01,Feb,2022,7195.1
construction,2022-03-01,Mar,2022,7216.900000000001
construction,2022-04-01,Apr,2022,7237.1
construction,2022-05-01,May,2022,7258.3
construction,2022-06-01,Jun,2022,7271.1
construction,2022-07-01,Jul,2022,7308.7
construction,2022-08-01,Aug,2022,7326.8
construction,2022-09-01,Sep,2022,7355.4
construction,2022-10-01,Oct,2022,7347.7
construction,2022-11-01,Nov,2022,7355.0
construction,2022-12-01,Dec,2022,7369.8
construction,2023-01-01,Jan,2023,7417.0
construction,2023-02-01,Feb,2023,7446.0
construction,2023-03-01,Mar,2023,7432.4
construction,2023-04-01,Apr,2023,7441.3
construction,2023-05-01,May,2023,7450.6
construction,2023-06-01,Jun,2023,7480.1
construction,2023-07-01,Jul,2023,7473.4
construction,2023-08-01,Aug,2023,7496.0
construction,2023-09-01,Sep,2023,7520.4
construction,2023-10-01,Oct,2023,7534.5
construction,2023-11-01,Nov,2023,7558.9
construction,2023-12-01,Dec,2023,7566.9
construction,2024-01-01,Jan,2024,7571.2
construction,2024-02-01,Feb,2024,7589.6
construction,2024-03-01,Mar,2024,7629.9
construction,2024-04-01,Apr,2024,7637.2
construction,2024-05-01,May,2024,7662.5
construction,2024-06-01,Jun,2024,0.0
construction,2024-07-01,Jul,2024,0.0
construction,2024-08-01,Aug,2024,0.0
construction,2024-09-01,Sep,2024,0.0
construction,2024-10-01,Oct,2024,0.0
construction,2024-11-01,Nov,2024,0.0
construction,2024-12-01,Dec,2024,0.0
financial_activities,2014-01-01,Jan,2014,7919.8
financial_activities,2014-02-01,Feb,2014,7925.1
financial_activities,2014-03-01,Mar,2014,7930.5
financial_activities,2014-04-01,Apr,2014,7941.7
financial_activities,2014-05-01,May,2014,7954.5
financial_activities,2014-06-01,Jun,2014,7964.2
financial_activities,2014-07-01,Jul,2014,7968.3
financial_activities,2014-08-01,Aug,2014,7979.7
financial_activities,2014-09-01,Sep,2014,7988.1
financial_activities,2014-10-01,Oct,2014,7995.7
financial_activities,2014-11-01,Nov,2014,8012.4
financial_activities,2014-12-01,Dec,2014,8025.3
financial_activities,2015-01-01,Jan,2015,8036.0
financial_activities,2015-02-01,Feb,2015,8048.0
financial_activities,2015-03-01,Mar,2015,8057.0
financial_activities,2015-04-01,Apr,2015,8071.1
financial_activities,2015-05-01,May,2015,8095.5
financial_activities,2015-06-01,Jun,2015,8107.900000000001
financial_activities,2015-07-01,Jul,2015,8124.6
financial_activities,2015-08-01,Aug,2015,8135.5
financial_activities,2015-09-01,Sep,2015,8141.4
financial_activities,2015-10-01,Oct,2015,8161.5
financial_activities,2015-11-01,Nov,2015,8174.5
financial_activities,2015-12-01,Dec,2015,8181.9
financial_activities,2016-01-01,Jan,2016,8199.0
financial_activities,2016-02-01,Feb,2016,8209.0
financial_activities,2016-03-01,Mar,2016,8213.1
financial_activities,2016-04-01,Apr,2016,8236.5
financial_activities,2016-05-01,May,2016,8246.8
financial_activities,2016-06-01,Jun,2016,8243.1
financial_activities,2016-07-01,Jul,2016,8278.5
financial_activities,2016-08-01,Aug,2016,8291.3
financial_activities,2016-09-01,Sep,2016,8304.1
financial_activities,2016-10-01,Oct,2016,8308.3
financial_activities,2016-11-01,Nov,2016,8320.7
financial_activities,2016-12-01,Dec,2016,8338.2
financial_activities,2017-01-01,Jan,2017,8352.5
financial_activities,2017-02-01,Feb,2017,8361.5
financial_activities,2017-03-01,Mar,2017,8380.5
financial_activities,2017-04-01,Apr,2017,8383.4
financial_activities,2017-05-01,May,2017,8396.9
financial_activities,2017-06-01,Jun,2017,8419.2
financial_activities,2017-07-01,Jul,2017,8425.4
financial_activities,2017-08-01,Aug,2017,8432.2
financial_activities,2017-09-01,Sep,2017,8446.5
financial_activities,2017-10-01,Oct,2017,8453.3
financial_activities,2017-11-01,Nov,2017,8452.0
financial_activities,2017-12-01,Dec,2017,8465.5
financial_activities,2018-01-01,Jan,2018,8474.3
financial_activities,2018-02-01,Feb,2018,8487.7
financial_activities,2018-03-01,Mar,2018,8499.5
financial_activities,2018-04-01,Apr,2018,8504.7
financial_activities,2018-05-01,May,2018,8516.9
financial_activities,2018-06-01,Jun,2018,8535.4
financial_activities,2018-07-01,Jul,2018,8540.0
financial_activities,2018-08-01,Aug,2018,8544.1
financial_activities,2018-09-01,Sep,2018,8552.0
financial_activities,2018-10-01,Oct,2018,8558.4
financial_activities,2018-11-01,Nov,2018,8570.4
financial_activities,2018-12-01,Dec,2018,8567.7
financial_activities,2019-01-01,Jan,2019,8586.6
financial_activities,2019-02-01,Feb,2019,8599.8
financial_activities,2019-03-01,Mar,2019,8610.9
financial_activities,2019-04-01,Apr,2019,8628.0
financial_activities,2019-05-01,May,2019,8642.7
financial_activities,2019-06-01,Jun,2019,8663.1
financial_activities,2019-07-01,Jul,2019,8673.4
financial_activities,2019-08-01,Aug,2019,8684.6
financial_activities,2019-09-01,Sep,2019,8689.2
financial_activities,2019-10-01,Oct,2019,8697.9
financial_activities,2019-11-01,Nov,2019,8712.7
financial_activities,2019-12-01,Dec,2019,8726.3
financial_activities,2020-01-01,Jan,2020,8734.6
financial_activities,2020-02-01,Feb,2020,8749.9
financial_activities,2020-03-01,Mar,2020,8733.4
financial_activities,2020-04-01,Apr,2020,8415.1
financial_activities,2020-05-01,May,2020,8429.5
financial_activities,2020-06-01,Jun,2020,8448.4
financial_activities,2020-07-01,Jul,2020,8463.2
financial_activities,2020-08-01,Aug,2020,8500.2
financial_activities,2020-09-01,Sep,2020,8532.3
financial_activities,2020-10-01,Oct,2020,8564.8
financial_activities,2020-11-01,Nov,2020,8582.9
financial_activities,2020-12-01,Dec,2020,8595.5
financial_activities,2021-01-01,Jan,2021,8622.2
financial_activities,2021-02-01,Feb,2021,8640.3
financial_activities,2021-03-01,Mar,2021,8676.0
financial_activities,2021-04-01,Apr,2021,8677.4
financial_activities,2021-05-01,May,2021,8689.6
financial_activities,2021-06-01,Jun,2021,8690.5
financial_activities,2021-07-01,Jul,2021,8737.6
financial_activities,2021-08-01,Aug,2021,8753.1
financial_activities,2021-09-01,Sep,2021,8749.2
financial_activities,2021-10-01,Oct,2021,8829.8
financial_activities,2021-11-01,Nov,2021,8856.6
financial_activities,2021-12-01,Dec,2021,8881.9
financial_activities,2022-01-01,Jan,2022,8889.7
financial_activities,2022-02-01,Feb,2022,8910.7
financial_activities,2022-03-01,Mar,2022,8925.3
financial_activities,2022-04-01,Apr,2022,8958.6
financial_activities,2022-05-01,May,2022,8977.8
financial_activities,2022-06-01,Jun,2022,8972.199999999999
financial_activities,2022-07-01,Jul,2022,9020.5
financial_activities,2022-08-01,Aug,2022,9031.1
financial_activities,2022-09-01,Sep,2022,9041.1
financial_activities,2022-10-01,Oct,2022,9039.5
financial_activities,2022-11-01,Nov,2022,9039.6
financial_activities,2022-12-01,Dec,2022,9039.2
financial_activities,2023-01-01,Jan,2023,9049.0
financial_activities,2023-02-01,Feb,2023,9048.6
financial_activities,2023-03-01,Mar,2023,9061.6
financial_activities,2023-04-01,Apr,2023,9061.3
financial_activities,2023-05-01,May,2023,9065.3
financial_activities,2023-06-01,Jun,2023,9089.2
financial_activities,2023-07-01,Jul,2023,9071.5
financial_activities,2023-08-01,Aug,2023,9070.0
financial_activities,2023-09-01,Sep,2023,9076.0
financial_activities,2023-10-01,Oct,2023,9067.4
financial_activities,2023-11-01,Nov,2023,9074.6
financial_activities,2023-12-01,Dec,2023,9078.3
financial_activities,2024-01-01,Jan,2024,9082.1
financial_activities,2024-02-01,Feb,2024,9061.8
financial_activities,2024-03-01,Mar,2024,9056.6
financial_activities,2024-04-01,Apr,2024,9055.5
financial_activities,2024-05-01,May,2024,9082.300000000001
financial_activities,2024-06-01,Jun,2024,0.0
financial_activities,2024-07-01,Jul,2024,0.0
financial_activities,2024-08-01,Aug,2024,0.0
financial_activities,2024-09-01,Sep,2024,0.0
financial_activities,2024-10-01,Oct,2024,0.0
financial_activities,2024-11-01,Nov,2024,0.0
financial_activities,2024-12-01,Dec,2024,0.0
government,2014-01-01,Jan,2014,22204.5
government,2014-02-01,Feb,2014,22209.5
government,2014-03-01,Mar,2014,22212.8
government,2014-04-01,Apr,2014,22248.7
government,2014-05-01,May,2014,22260.1
government,2014-06-01,Jun,2014,22247.3
government,2014-07-01,Jul,2014,22246.4
government,2014-08-01,Aug,2014,22276.1
government,2014-09-01,Sep,2014,22305.0
government,2014-10-01,Oct,2014,22303.6
government,2014-11-01,Nov,2014,22335.6
government,2014-12-01,Dec,2014,22319.0
government,2015-01-01,Jan,2015,22325.7
government,2015-02-01,Feb,2015,22342.0
government,2015-03-01,Mar,2015,22329.6
government,2015-04-01,Apr,2015,22359.1
government,2015-05-01,May,2015,22374.0
government,2015-06-01,Jun,2015,22385.8
government,2015-07-01,Jul,2015,22387.6
government,2015-08-01,Aug,2015,22403.3
government,2015-09-01,Sep,2015,22395.4
government,2015-10-01,Oct,2015,22415.7
government,2015-11-01,Nov,2015,22418.8
government,2015-12-01,Dec,2015,22450.9
government,2016-01-01,Jan,2016,22451.3
government,2016-02-01,Feb,2016,22481.8
government,2016-03-01,Mar,2016,22523.0
government,2016-04-01,Apr,2016,22530.1
government,2016-05-01,May,2016,22538.2
government,2016-06-01,Jun,2016,22541.2
government,2016-07-01,Jul,2016,22589.9
government,2016-08-01,Aug,2016,22596.3
government,2016-09-01,Sep,2016,22653.7
government,2016-10-01,Oct,2016,22609.9
government,2016-11-01,Nov,2016,22654.4
government,2016-12-01,Dec,2016,22643.3
government,2017-01-01,Jan,2017,22647.4
government,2017-02-01,Feb,2017,22670.6
government,2017-03-01,Mar,2017,22681.6
government,2017-04-01,Apr,2017,22681.2
government,2017-05-01,May,2017,22684.4
government,2017-06-01,Jun,2017,22697.9
government,2017-07-01,Jul,2017,22675.0
government,2017-08-01,Aug,2017,22647.4
government,2017-09-01,Sep,2017,22701.4
government,2017-10-01,Oct,2017,22701.5
government,2017-11-01,Nov,2017,22690.2
government,2017-12-01,Dec,2017,22723.8
government,2018-01-01,Jan,2018,22693.1
government,2018-02-01,Feb,2018,22734.6
government,2018-03-01,Mar,2018,22750.7
government,2018-04-01,Apr,2018,22744.3
government,2018-05-01,May,2018,22773.2
government,2018-06-01,Jun,2018,22806.8
government,2018-07-01,Jul,2018,22731.3
government,2018-08-01,Aug,2018,22759.9
government,2018-09-01,Sep,2018,22780.6
government,2018-10-01,Oct,2018,22779.6
government,2018-11-01,Nov,2018,22812.7
government,2018-12-01,Dec,2018,22818.9
government,2019-01-01,Jan,2019,22792.0
government,2019-02-01,Feb,2019,22834.5
government,2019-03-01,Mar,2019,22867.2
government,2019-04-01,Apr,2019,22882.3
government,2019-05-01,May,2019,22887.8
government,2019-06-01,Jun,2019,22890.1
government,2019-07-01,Jul,2019,22877.8
government,2019-08-01,Aug,2019,22912.2
government,2019-09-01,Sep,2019,22922.4
government,2019-10-01,Oct,2019,22956.9
government,2019-11-01,Nov,2019,22974.8
government,2019-12-01,Dec,2019,22986.5
government,2020-01-01,Jan,2020,23070.0
government,2020-02-01,Feb,2020,23092.1
government,2020-03-01,Mar,2020,23081.7
government,2020-04-01,Apr,2020,22103.5
government,2020-05-01,May,2020,21653.7
government,2020-06-01,Jun,2020,21628.9
government,2020-07-01,Jul,2020,21725.6
government,2020-08-01,Aug,2020,22121.5
government,2020-09-01,Sep,2020,22154.3
government,2020-10-01,Oct,2020,21980.0
government,2020-11-01,Nov,2020,21893.3
government,2020-12-01,Dec,2020,21875.0
government,2021-01-01,Jan,2021,21879.8
government,2021-02-01,Feb,2021,21868.5
government,2021-03-01,Mar,2021,21927.0
government,2021-04-01,Apr,2021,22013.0
government,2021-05-01,May,2021,22019.9
government,2021-06-01,Jun,2021,22080.1
government,2021-07-01,Jul,2021,22200.5
government,2021-08-01,Aug,2021,22183.2
government,2021-09-01,Sep,2021,22197.4
government,2021-10-01,Oct,2021,22195.8
government,2021-11-01,Nov,2021,22172.2
government,2021-12-01,Dec,2021,22224.2
government,2022-01-01,Jan,2022,22228.3
government,2022-02-01,Feb,2022,22232.5
government,2022-03-01,Mar,2022,22256.4
government,2022-04-01,Apr,2022,22277.6
government,2022-05-01,May,2022,22295.3
government,2022-06-01,Jun,2022,22296.4
government,2022-07-01,Jul,2022,22402.0
government,2022-08-01,Aug,2022,22425.6
government,2022-09-01,Sep,2022,22437.4
government,2022-10-01,Oct,2022,22460.8
government,2022-11-01,Nov,2022,22552.2
government,2022-12-01,Dec,2022,22572.7
government,2023-01-01,Jan,2023,22639.8
government,2023-02-01,Feb,2023,22710.5
government,2023-03-01,Mar,2023,22752.8
government,2023-04-01,Apr,2023,22800.4
government,2023-05-01,May,2023,22853.5
government,2023-06-01,Jun,2023,22918.7
government,2023-07-01,Jul,2023,22945.5
government,2023-08-01,Aug,2023,22992.4
government,2023-09-01,Sep,2023,23027.4
government,2023-10-01,Oct,2023,23074.4
government,2023-11-01,Nov,2023,23099.6
government,2023-12-01,Dec,2023,23141.1
government,2024-01-01,Jan,2024,23220.8
government,2024-02-01,Feb,2024,23284.5
government,2024-03-01,Mar,2024,23347.0
government,2024-04-01,Apr,2024,23364.3
government,2024-05-01,May,2024,23398.7
government,2024-06-01,Jun,2024,0.0
government,2024-07-01,Jul,2024,0.0
government,2024-08-01,Aug,2024,0.0
government,2024-09-01,Sep,2024,0.0
government,2024-10-01,Oct,2024,0.0
government,2024-11-01,Nov,2024,0.0
government,2024-12-01,Dec,2024,0.0
information,2014-01-01,Jan,2014,2746.9
information,2014-02-01,Feb,2014,2742.2
information,2014-03-01,Mar,2014,2747.4
information,2014-04-01,Apr,2014,2753.1
information,2014-05-01,May,2014,2750.1
information,2014-06-01,Jun,2014,2755.1
information,2014-07-01,Jul,2014,2756.5
information,2014-08-01,Aug,2014,2758.4
information,2014-09-01,Sep,2014,2758.2
information,2014-10-01,Oct,2014,2763.0
information,2014-11-01,Nov,2014,2761.2
information,2014-12-01,Dec,2014,2763.4
information,2015-01-01,Jan,2015,2759.4
information,2015-02-01,Feb,2015,2765.5
information,2015-03-01,Mar,2015,2766.5
information,2015-04-01,Apr,2015,2771.6
information,2015-05-01,May,2015,2782.9
information,2015-06-01,Jun,2015,2786.2
information,2015-07-01,Jul,2015,2796.7
information,2015-08-01,Aug,2015,2793.5
information,2015-09-01,Sep,2015,2795.1
information,2015-10-01,Oct,2015,2808.4
information,2015-11-01,Nov,2015,2815.7
information,2015-12-01,Dec,2015,2815.6
information,2016-01-01,Jan,2016,2816.3
information,2016-02-01,Feb,2016,2821.8
information,2016-03-01,Mar,2016,2812.1
information,2016-04-01,Apr,2016,2839.2
information,2016-05-01,May,2016,2814.7
information,2016-06-01,Jun,2016,2834.3
information,2016-07-01,Jul,2016,2849.9
information,2016-08-01,Aug,2016,2846.2
information,2016-09-01,Sep,2016,2846.9
information,2016-10-01,Oct,2016,2840.0
information,2016-11-01,Nov,2016,2847.8
information,2016-12-01,Dec,2016,2843.2
information,2017-01-01,Jan,2017,2839.0
information,2017-02-01,Feb,2017,2855.1
information,2017-03-01,Mar,2017,2841.0
information,2017-04-01,Apr,2017,2840.6
information,2017-05-01,May,2017,2844.6
information,2017-06-01,Jun,2017,2843.3
information,2017-07-01,Jul,2017,2843.1
information,2017-08-01,Aug,2017,2847.7
information,2017-09-01,Sep,2017,2847.3
information,2017-10-01,Oct,2017,2850.2
information,2017-11-01,Nov,2017,2846.4
information,2017-12-01,Dec,2017,2856.9
information,2018-01-01,Jan,2018,2847.8
information,2018-02-01,Feb,2018,2857.1
information,2018-03-01,Mar,2018,2857.0
information,2018-04-01,Apr,2018,2847.7
information,2018-05-01,May,2018,2849.7
information,2018-06-01,Jun,2018,2864.3
information,2018-07-01,Jul,2018,2857.6
information,2018-08-01,Aug,2018,2861.3
information,2018-09-01,Sep,2018,2865.1
information,2018-10-01,Oct,2018,2869.9
information,2018-11-01,Nov,2018,2867.3
information,2018-12-01,Dec,2018,2868.6
information,2019-01-01,Jan,2019,2873.3
information,2019-02-01,Feb,2019,2882.7
information,2019-03-01,Mar,2019,2884.7
information,2019-04-01,Apr,2019,2879.9
information,2019-05-01,May,2019,2893.2
information,2019-06-01,Jun,2019,2904.5
information,2019-07-01,Jul,2019,2900.8
information,2019-08-01,Aug,2019,2907.4
information,2019-09-01,Sep,2019,2909.2
information,2019-10-01,Oct,2019,2901.4
information,2019-11-01,Nov,2019,2920.8
information,2019-12-01,Dec,2019,2916.2
information,2020-01-01,Jan,2020,2933.6
information,2020-02-01,Feb,2020,2935.6
information,2020-03-01,Mar,2020,2928.8
information,2020-04-01,Apr,2020,2655.8
information,2020-05-01,May,2020,2641.1
information,2020-06-01,Jun,2020,2629.5
information,2020-07-01,Jul,2020,2635.5
information,2020-08-01,Aug,2020,2651.7
information,2020-09-01,Sep,2020,2695.2
information,2020-10-01,Oct,2020,2722.8
information,2020-11-01,Nov,2020,2728.3
information,2020-12-01,Dec,2020,2730.7
information,2021-01-01,Jan,2021,2737.4
information,2021-02-01,Feb,2021,2754.1
information,2021-03-01,Mar,2021,2778.8
information,2021-04-01,Apr,2021,2796.3
information,2021-05-01,May,2021,2829.8
information,2021-06-01,Jun,2021,2844.8
information,2021-07-01,Jul,2021,2873.5
information,2021-08-01,Aug,2021,2912.9
information,2021-09-01,Sep,2021,2907.7
information,2021-10-01,Oct,2021,2938.0
information,2021-11-01,Nov,2021,2956.2
information,2021-12-01,Dec,2021,2968.9
information,2022-01-01,Jan,2022,2985.1000000000004
information,2022-02-01,Feb,2022,3002.9
information,2022-03-01,Mar,2022,3025.8
information,2022-04-01,Apr,2022,3042.8
information,2022-05-01,May,2022,3069.7
information,2022-06-01,Jun,2022,3080.4
information,2022-07-01,Jul,2022,3111.2
information,2022-08-01,Aug,2022,3119.0
information,2022-09-01,Sep,2022,3110.2
information,2022-10-01,Oct,2022,3102.0
information,2022-11-01,Nov,2022,3095.8
information,2022-12-01,Dec,2022,3088.4
information,2023-01-01,Jan,2023,3088.9
information,2023-02-01,Feb,2023,3066.0
information,2023-03-01,Mar,2023,3047.8
information,2023-04-01,Apr,2023,3026.2
information,2023-05-01,May,2023,3008.0
information,2023-06-01,Jun,2023,2988.1
information,2023-07-01,Jul,2023,2958.9
information,2023-08-01,Aug,2023,2934.6
information,2023-09-01,Sep,2023,2924.7
information,2023-10-01,Oct,2023,2904.4
information,2023-11-01,Nov,2023,2905.5
information,2023-12-01,Dec,2023,2907.9
information,2024-01-01,Jan,2024,2911.3
information,2024-02-01,Feb,2024,2903.3
information,2024-03-01,Mar,2024,2897.9
information,2024-04-01,Apr,2024,2891.8
information,2024-05-01,May,2024,2888.8
information,2024-06-01,Jun,2024,0.0
information,2024-07-01,Jul,2024,0.0
information,2024-08-01,Aug,2024,0.0
information,2024-09-01,Sep,2024,0.0
information,2024-10-01,Oct,2024,0.0
information,2024-11-01,Nov,2024,0.0
information,2024-12-01,Dec,2024,0.0
leisure_and_hospitality,2014-01-01,Jan,2014,14488.1
leisure_and_hospitality,2014-02-01,Feb,2014,14501.6
leisure_and_hospitality,2014-03-01,Mar,2014,14557.3
leisure_and_hospitality,2014-04-01,Apr,2014,14612.4
leisure_and_hospitality,2014-05-01,May,2014,14667.7
leisure_and_hospitality,2014-06-01,Jun,2014,14688.1
leisure_and_hospitality,2014-07-01,Jul,2014,14693.3
leisure_and_hospitality,2014-08-01,Aug,2014,14732.2
leisure_and_hospitality,2014-09-01,Sep,2014,14764.4
leisure_and_hospitality,2014-10-01,Oct,2014,14807.0
leisure_and_hospitality,2014-11-01,Nov,2014,14830.5
leisure_and_hospitality,2014-12-01,Dec,2014,14879.199999999999
leisure_and_hospitality,2015-01-01,Jan,2015,14923.2
leisure_and_hospitality,2015-02-01,Feb,2015,14965.9
leisure_and_hospitality,2015-03-01,Mar,2015,14974.0
leisure_and_hospitality,2015-04-01,Apr,2015,15011.9
leisure_and_hospitality,2015-05-01,May,2015,15118.1
leisure_and_hospitality,2015-06-01,Jun,2015,15131.6
leisure_and_hospitality,2015-07-01,Jul,2015,15184.5
leisure_and_hospitality,2015-08-01,Aug,2015,15223.1
leisure_and_hospitality,2015-09-01,Sep,2015,15296.4
leisure_and_hospitality,2015-10-01,Oct,2015,15334.8
leisure_and_hospitality,2015-11-01,Nov,2015,15377.1
leisure_and_hospitality,2015-12-01,Dec,2015,15429.8
leisure_and_hospitality,2016-01-01,Jan,2016,15441.9
leisure_and_hospitality,2016-02-01,Feb,2016,15486.7
leisure_and_hospitality,2016-03-01,Mar,2016,15515.9
leisure_and_hospitality,2016-04-01,Apr,2016,15577.8
leisure_and_hospitality,2016-05-01,May,2016,15579.2
leisure_and_hospitality,2016-06-01,Jun,2016,15583.8
leisure_and_hospitality,2016-07-01,Jul,2016,15652.6
leisure_and_hospitality,2016-08-01,Aug,2016,15678.5
leisure_and_hospitality,2016-09-01,Sep,2016,15733.5
leisure_and_hospitality,2016-10-01,Oct,2016,15726.2
leisure_and_hospitality,2016-11-01,Nov,2016,15776.6
leisure_and_hospitality,2016-12-01,Dec,2016,15771.3
leisure_and_hospitality,2017-01-01,Jan,2017,15805.4
leisure_and_hospitality,2017-02-01,Feb,2017,15856.3
leisure_and_hospitality,2017-03-01,Mar,2017,15905.2
leisure_and_hospitality,2017-04-01,Apr,2017,15925.0
leisure_and_hospitality,2017-05-01,May,2017,15940.5
leisure_and_hospitality,2017-06-01,Jun,2017,15989.3
leisure_and_hospitality,2017-07-01,Jul,2017,15978.4
leisure_and_hospitality,2017-08-01,Aug,2017,16010.1
leisure_and_hospitality,2017-09-01,Sep,2017,15957.8
leisure_and_hospitality,2017-10-01,Oct,2017,16037.4
leisure_and_hospitality,2017-11-01,Nov,2017,16066.3
leisure_and_hospitality,2017-12-01,Dec,2017,16076.7
leisure_and_hospitality,2018-01-01,Jan,2018,16116.4
leisure_and_hospitality,2018-02-01,Feb,2018,16146.4
leisure_and_hospitality,2018-03-01,Mar,2018,16182.7
leisure_and_hospitality,2018-04-01,Apr,2018,16164.8
leisure_and_hospitality,2018-05-01,May,2018,16201.1
leisure_and_hospitality,2018-06-01,Jun,2018,16229.3
leisure_and_hospitality,2018-07-01,Jul,2018,16237.6
leisure_and_hospitality,2018-08-01,Aug,2018,16271.0
leisure_and_hospitality,2018-09-01,Sep,2018,16253.5
leisure_and_hospitality,2018-10-01,Oct,2018,16299.0
leisure_and_hospitality,2018-11-01,Nov,2018,16302.9
leisure_and_hospitality,2018-12-01,Dec,2018,16356.1
leisure_and_hospitality,2019-01-01,Jan,2019,16409.5
leisure_and_hospitality,2019-02-01,Feb,2019,16431.4
leisure_and_hospitality,2019-03-01,Mar,2019,16456.4
leisure_and_hospitality,2019-04-01,Apr,2019,16474.7
leisure_and_hospitality,2019-05-01,May,2019,16470.7
leisure_and_hospitality,2019-06-01,Jun,2019,16468.1
leisure_and_hospitality,2019-07-01,Jul,2019,16475.2
leisure_and_hospitality,2019-08-01,Aug,2019,16482.8
leisure_and_hospitality,2019-09-01,Sep,2019,16488.7
leisure_and_hospitality,2019-10-01,Oct,2019,16543.0
leisure_and_hospitality,2019-11-01,Nov,2019,16575.4
leisure_and_hospitality,2019-12-01,Dec,2019,16625.3
leisure_and_hospitality,2020-01-01,Jan,2020,16661.7
leisure_and_hospitality,2020-02-01,Feb,2020,16684.7
leisure_and_hospitality,2020-03-01,Mar,2020,16131.0
leisure_and_hospitality,2020-04-01,Apr,2020,8719.3
leisure_and_hospitality,2020-05-01,May,2020,9666.7
leisure_and_hospitality,2020-06-01,Jun,2020,11145.3
leisure_and_hospitality,2020-07-01,Jul,2020,11788.9
leisure_and_hospitality,2020-08-01,Aug,2020,12081.0
leisure_and_hospitality,2020-09-01,Sep,2020,12583.0
leisure_and_hospitality,2020-10-01,Oct,2020,12982.4
leisure_and_hospitality,2020-11-01,Nov,2020,13061.2
leisure_and_hospitality,2020-12-01,Dec,2020,12643.1
leisure_and_hospitality,2021-01-01,Jan,2021,12708.9
leisure_and_hospitality,2021-02-01,Feb,2021,13046.5
leisure_and_hospitality,2021-03-01,Mar,2021,13304.9
leisure_and_hospitality,2021-04-01,Apr,2021,13620.7
leisure_and_hospitality,2021-05-01,May,2021,13860.7
leisure_and_hospitality,2021-06-01,Jun,2021,14163.5
leisure_and_hospitality,2021-07-01,Jul,2021,14567.300000000001
leisure_and_hospitality,2021-08-01,Aug,2021,14701.5
leisure_and_hospitality,2021-09-01,Sep,2021,14820.8
leisure_and_hospitality,2021-10-01,Oct,2021,15078.699999999999
leisure_and_hospitality,2021-11-01,Nov,2021,15180.5
leisure_and_hospitality,2021-12-01,Dec,2021,15307.9
leisure_and_hospitality,2022-01-01,Jan,2022,15268.1
leisure_and_hospitality,2022-02-01,Feb,2022,15427.6
leisure_and_hospitality,2022-03-01,Mar,2022,15511.1
leisure_and_hospitality,2022-04-01,Apr,2022,15624.3
leisure_and_hospitality,2022-05-01,May,2022,15687.9
leisure_and_hospitality,2022-06-01,Jun,2022,15747.8
leisure_and_hospitality,2022-07-01,Jul,2022,15885.9
leisure_and_hospitality,2022-08-01,Aug,2022,15944.4
leisure_and_hospitality,2022-09-01,Sep,2022,16010.7
leisure_and_hospitality,2022-10-01,Oct,2022,16053.7
leisure_and_hospitality,2022-11-01,Nov,2022,16134.1
leisure_and_hospitality,2022-12-01,Dec,2022,16177.2
leisure_and_hospitality,2023-01-01,Jan,2023,16322.3
leisure_and_hospitality,2023-02-01,Feb,2023,16378.8
leisure_and_hospitality,2023-03-01,Mar,2023,16422.3
leisure_and_hospitality,2023-04-01,Apr,2023,16415.1
leisure_and_hospitality,2023-05-01,May,2023,16461.2
leisure_and_hospitality,2023-06-01,Jun,2023,16522.9
leisure_and_hospitality,2023-07-01,Jul,2023,16487.8
leisure_and_hospitality,2023-08-01,Aug,2023,16529.2
leisure_and_hospitality,2023-09-01,Sep,2023,16553.0
leisure_and_hospitality,2023-10-01,Oct,2023,16611.7
leisure_and_hospitality,2023-11-01,Nov,2023,16638.2
leisure_and_hospitality,2023-12-01,Dec,2023,16688.2
leisure_and_hospitality,2024-01-01,Jan,2024,16706.8
leisure_and_hospitality,2024-02-01,Feb,2024,16742.1
leisure_and_hospitality,2024-03-01,Mar,2024,16789.5
leisure_and_hospitality,2024-04-01,Apr,2024,16813.9
leisure_and_hospitality,2024-05-01,May,2024,16865.3
leisure_and_hospitality,2024-06-01,Jun,2024,0.0
leisure_and_hospitality,2024-07-01,Jul,2024,0.0
leisure_and_hospitality,2024-08-01,Aug,2024,0.0
leisure_and_hospitality,2024-09-01,Sep,2024,0.0
leisure_and_hospitality,2024-10-01,Oct,2024,0.0
leisure_and_hospitality,2024-11-01,Nov,2024,0.0
leisure_and_hospitality,2024-12-01,Dec,2024,0.0
manufacturing,2014-01-01,Jan,2014,12170.3
manufacturing,2014-02-01,Feb,2014,12199.9
manufacturing,2014-03-01,Mar,2014,12211.5
manufacturing,2014-04-01,Apr,2014,12238.5
manufacturing,2014-05-01,May,2014,12257.9
manufacturing,2014-06-01,Jun,2014,12276.2
manufacturing,2014-07-01,Jul,2014,12285.0
manufacturing,2014-08-01,Aug,2014,12308.6
manufacturing,2014-09-01,Sep,2014,12320.6
manufacturing,2014-10-01,Oct,2014,12349.0
manufacturing,2014-11-01,Nov,2014,12375.5
manufacturing,2014-12-01,Dec,2014,12401.1
manufacturing,2015-01-01,Jan,2015,12408.4
manufacturing,2015-02-01,Feb,2015,12411.2
manufacturing,2015-03-01,Mar,2015,12411.1
manufacturing,2015-04-01,Apr,2015,12406.5
manufacturing,2015-05-01,May,2015,12431.7
manufacturing,2015-06-01,Jun,2015,12435.5
manufacturing,2015-07-01,Jul,2015,12441.7
manufacturing,2015-08-01,Aug,2015,12453.1
manufacturing,2015-09-01,Sep,2015,12461.3
manufacturing,2015-10-01,Oct,2015,12451.3
manufacturing,2015-11-01,Nov,2015,12448.3
manufacturing,2015-12-01,Dec,2015,12448.0
manufacturing,2016-01-01,Jan,2016,12459.6
manufacturing,2016-02-01,Feb,2016,12447.4
manufacturing,2016-03-01,Mar,2016,12439.7
manufacturing,2016-04-01,Apr,2016,12444.1
manufacturing,2016-05-01,May,2016,12432.6
manufacturing,2016-06-01,Jun,2016,12423.7
manufacturing,2016-07-01,Jul,2016,12448.2
manufacturing,2016-08-01,Aug,2016,12440.6
manufacturing,2016-09-01,Sep,2016,12445.5
manufacturing,2016-10-01,Oct,2016,12434.1
manufacturing,2016-11-01,Nov,2016,12443.6
manufacturing,2016-12-01,Dec,2016,12452.2
manufacturing,2017-01-01,Jan,2017,12469.0
manufacturing,2017-02-01,Feb,2017,12470.7
manufacturing,2017-03-01,Mar,2017,12481.8
manufacturing,2017-04-01,Apr,2017,12493.0
manufacturing,2017-05-01,May,2017,12505.6
manufacturing,2017-06-01,Jun,2017,12533.7
manufacturing,2017-07-01,Jul,2017,12526.7
manufacturing,2017-08-01,Aug,2017,12552.7
manufacturing,2017-09-01,Sep,2017,12553.3
manufacturing,2017-10-01,Oct,2017,12575.5
manufacturing,2017-11-01,Nov,2017,12596.6
manufacturing,2017-12-01,Dec,2017,12620.8
manufacturing,2018-01-01,Jan,2018,12630.5
manufacturing,2018-02-01,Feb,2018,12658.2
manufacturing,2018-03-01,Mar,2018,12680.2
manufacturing,2018-04-01,Apr,2018,12699.1
manufacturing,2018-05-01,May,2018,12723.7
manufacturing,2018-06-01,Jun,2018,12755.0
manufacturing,2018-07-01,Jul,2018,12773.8
manufacturing,2018-08-01,Aug,2018,12790.1
manufacturing,2018-09-01,Sep,2018,12814.7
manufacturing,2018-10-01,Oct,2018,12847.2
manufacturing,2018-11-01,Nov,2018,12862.5
manufacturing,2018-12-01,Dec,2018,12870.1
manufacturing,2019-01-01,Jan,2019,12888.8
manufacturing,2019-02-01,Feb,2019,12896.3
manufacturing,2019-03-01,Mar,2019,12901.0
manufacturing,2019-04-01,Apr,2019,12901.4
manufacturing,2019-05-01,May,2019,12903.800000000001
manufacturing,2019-06-01,Jun,2019,12908.9
manufacturing,2019-07-01,Jul,2019,12894.4
manufacturing,2019-08-01,Aug,2019,12897.7
manufacturing,2019-09-01,Sep,2019,12889.4
manufacturing,2019-10-01,Oct,2019,12834.1
manufacturing,2019-11-01,Nov,2019,12868.0
manufacturing,2019-12-01,Dec,2019,12853.6
manufacturing,2020-01-01,Jan,2020,12838.6
manufacturing,2020-02-01,Feb,2020,12831.1
manufacturing,2020-03-01,Mar,2020,12792.8
manufacturing,2020-04-01,Apr,2020,11316.9
manufacturing,2020-05-01,May,2020,11574.1
manufacturing,2020-06-01,Jun,2020,12004.0
manufacturing,2020-07-01,Jul,2020,12013.6
manufacturing,2020-08-01,Aug,2020,12091.8
manufacturing,2020-09-01,Sep,2020,12154.6
manufacturing,2020-10-01,Oct,2020,12193.5
manufacturing,2020-11-01,Nov,2020,12216.3
manufacturing,2020-12-01,Dec,2020,12253.9
manufacturing,2021-01-01,Jan,2021,12272.1
manufacturing,2021-02-01,Feb,2021,12285.1
manufacturing,2021-03-01,Mar,2021,12342.7
manufacturing,2021-04-01,Apr,2021,12298.0
manufacturing,2021-05-01,May,2021,12316.9
manufacturing,2021-06-01,Jun,2021,12336.2
manufacturing,2021-07-01,Jul,2021,12395.8
manufacturing,2021-08-01,Aug,2021,12432.8
manufacturing,2021-09-01,Sep,2021,12456.9
manufacturing,2021-10-01,Oct,2021,12556.3
manufacturing,2021-11-01,Nov,2021,12600.1
manufacturing,2021-12-01,Dec,2021,12645.4
manufacturing,2022-01-01,Jan,2022,12643.3
manufacturing,2022-02-01,Feb,2022,12722.4
manufacturing,2022-03-01,Mar,2022,12779.7
manufacturing,2022-04-01,Apr,2022,12837.6
manufacturing,2022-05-01,May,2022,12859.8
manufacturing,2022-06-01,Jun,2022,12865.9
manufacturing,2022-07-01,Jul,2022,12941.9
manufacturing,2022-08-01,Aug,2022,12961.3
manufacturing,2022-09-01,Sep,2022,12976.4
manufacturing,2022-10-01,Oct,2022,12979.3
manufacturing,2022-11-01,Nov,2022,12984.7
manufacturing,2022-12-01,Dec,2022,12986.6
manufacturing,2023-01-01,Jan,2023,13001.9
manufacturing,2023-02-01,Feb,2023,12995.6
manufacturing,2023-03-01,Mar,2023,12996.9
manufacturing,2023-04-01,Apr,2023,12988.8
manufacturing,2023-05-01,May,2023,12991.7
manufacturing,2023-06-01,Jun,2023,13013.6
manufacturing,2023-07-01,Jul,2023,12966.8
manufacturing,2023-08-01,Aug,2023,12965.2
manufacturing,2023-09-01,Sep,2023,12991.0
manufacturing,2023-10-01,Oct,2023,12961.0
manufacturing,2023-11-01,Nov,2023,12986.4
manufacturing,2023-12-01,Dec,2023,13000.6
manufacturing,2024-01-01,Jan,2024,13016.2
manufacturing,2024-02-01,Feb,2024,13012.8
manufacturing,2024-03-01,Mar,2024,12998.1
manufacturing,2024-04-01,Apr,2024,13014.9
manufacturing,2024-05-01,May,2024,13007.9
manufacturing,2024-06-01,Jun,2024,0.0
manufacturing,2024-07-01,Jul,2024,0.0
manufacturing,2024-08-01,Aug,2024,0.0
manufacturing,2024-09-01,Sep,2024,0.0
manufacturing,2024-10-01,Oct,2024,0.0
manufacturing,2024-11-01,Nov,2024,0.0
manufacturing,2024-12-01,Dec,2024,0.0
mining_and_logging,2014-01-01,Jan,2014,864.1999999999999
mining_and_logging,2014-02-01,Feb,2014,868.1
mining_and_logging,2014-03-01,Mar,2014,872.8
mining_and_logging,2014-04-01,Apr,2014,879.9
mining_and_logging,2014-05-01,May,2014,885.6
mining_and_logging,2014-06-01,Jun,2014,889.6
mining_and_logging,2014-07-01,Jul,2014,895.3
mining_and_logging,2014-08-01,Aug,2014,898.9
mining_and_logging,2014-09-01,Sep,2014,902.9
mining_and_logging,2014-10-01,Oct,2014,907.3
mining_and_logging,2014-11-01,Nov,2014,910.1999999999999
mining_and_logging,2014-12-01,Dec,2014,908.5
mining_and_logging,2015-01-01,Jan,2015,896.8000000000001
mining_and_logging,2015-02-01,Feb,2015,870.6
mining_and_logging,2015-03-01,Mar,2015,848.9
mining_and_logging,2015-04-01,Apr,2015,822.9
mining_and_logging,2015-05-01,May,2015,808.6
mining_and_logging,2015-06-01,Jun,2015,796.0
mining_and_logging,2015-07-01,Jul,2015,784.1
mining_and_logging,2015-08-01,Aug,2015,773.2
mining_and_logging,2015-09-01,Sep,2015,760.0
mining_and_logging,2015-10-01,Oct,2015,745.1
mining_and_logging,2015-11-01,Nov,2015,730.0
mining_and_logging,2015-12-01,Dec,2015,721.0
mining_and_logging,2016-01-01,Jan,2016,701.1
mining_and_logging,2016-02-01,Feb,2016,686.2
mining_and_logging,2016-03-01,Mar,2016,671.9
mining_and_logging,2016-04-01,Apr,2016,657.2
mining_and_logging,2016-05-01,May,2016,646.6999999999999
mining_and_logging,2016-06-01,Jun,2016,637.6
mining_and_logging,2016-07-01,Jul,2016,631.4
mining_and_logging,2016-08-01,Aug,2016,628.5
mining_and_logging,2016-09-01,Sep,2016,627.1
mining_and_logging,2016-10-01,Oct,2016,628.1
mining_and_logging,2016-11-01,Nov,2016,629.6
mining_and_logging,2016-12-01,Dec,2016,633.0
mining_and_logging,2017-01-01,Jan,2017,638.3
mining_and_logging,2017-02-01,Feb,2017,645.8
mining_and_logging,2017-03-01,Mar,2017,651.9
mining_and_logging,2017-04-01,Apr,2017,658.7
mining_and_logging,2017-05-01,May,2017,664.9
mining_and_logging,2017-06-01,Jun,2017,669.8000000000001
mining_and_logging,2017-07-01,Jul,2017,673.2
mining_and_logging,2017-08-01,Aug,2017,674.1
mining_and_logging,2017-09-01,Sep,2017,676.9
mining_and_logging,2017-10-01,Oct,2017,680.4
mining_and_logging,2017-11-01,Nov,2017,684.1
mining_and_logging,2017-12-01,Dec,2017,687.3
mining_and_logging,2018-01-01,Jan,2018,690.4
mining_and_logging,2018-02-01,Feb,2018,697.3
mining_and_logging,2018-03-01,Mar,2018,704.2
mining_and_logging,2018-04-01,Apr,2018,708.1
mining_and_logging,2018-05-01,May,2018,714.0
mining_and_logging,2018-06-01,Jun,2018,718.4
mining_and_logging,2018-07-01,Jul,2018,720.9
mining_and_logging,2018-08-01,Aug,2018,722.6
mining_and_logging,2018-09-01,Sep,2018,725.4
mining_and_logging,2018-10-01,Oct,2018,728.1
mining_and_logging,2018-11-01,Nov,2018,729.5
mining_and_logging,2018-12-01,Dec,2018,731.1
mining_and_logging,2019-01-01,Jan,2019,731.2
mining_and_logging,2019-02-01,Feb,2019,729.7
mining_and_logging,2019-03-01,Mar,2019,730.3
mining_and_logging,2019-04-01,Apr,2019,727.7
mining_and_logging,2019-05-01,May,2019,728.8
mining_and_logging,2019-06-01,Jun,2019,725.1
mining_and_logging,2019-07-01,Jul,2019,719.4
mining_and_logging,2019-08-01,Aug,2019,713.8
mining_and_logging,2019-09-01,Sep,2019,707.1
mining_and_logging,2019-10-01,Oct,2019,699.9
mining_and_logging,2019-11-01,Nov,2019,689.0
mining_and_logging,2019-12-01,Dec,2019,681.1999999999999
mining_and_logging,2020-01-01,Jan,2020,676.9
mining_and_logging,2020-02-01,Feb,2020,673.5
mining_and_logging,2020-03-01,Mar,2020,667.8000000000001
mining_and_logging,2020-04-01,Apr,2020,607.0
mining_and_logging,2020-05-01,May,2020,571.3000000000001
mining_and_logging,2020-06-01,Jun,2020,551.0
mining_and_logging,2020-07-01,Jul,2020,537.9
mining_and_logging,2020-08-01,Aug,2020,537.0
mining_and_logging,2020-09-01,Sep,2020,535.3000000000001
mining_and_logging,2020-10-01,Oct,2020,537.0
mining_and_logging,2020-11-01,Nov,2020,538.1999999999999
mining_and_logging,2020-12-01,Dec,2020,539.5
mining_and_logging,2021-01-01,Jan,2021,540.4
mining_and_logging,2021-02-01,Feb,2021,539.0
mining_and_logging,2021-03-01,Mar,2021,545.9
mining_and_logging,2021-04-01,Apr,2021,549.7
mining_and_logging,2021-05-01,May,2021,551.3000000000001
mining_and_logging,2021-06-01,Jun,2021,552.5
mining_and_logging,2021-07-01,Jul,2021,556.4
mining_and_logging,2021-08-01,Aug,2021,556.5
mining_and_logging,2021-09-01,Sep,2021,555.5
mining_and_logging,2021-10-01,Oct,2021,561.9
mining_and_logging,2021-11-01,Nov,2021,566.2
mining_and_logging,2021-12-01,Dec,2021,569.8
mining_and_logging,2022-01-01,Jan,2022,571.9
mining_and_logging,2022-02-01,Feb,2022,577.0
mining_and_logging,2022-03-01,Mar,2022,580.2
mining_and_logging,2022-04-01,Apr,2022,587.0
mining_and_logging,2022-05-01,May,2022,591.3
mining_and_logging,2022-06-01,Jun,2022,591.4
mining_and_logging,2022-07-01,Jul,2022,598.7
mining_and_logging,2022-08-01,Aug,2022,602.5
mining_and_logging,2022-09-01,Sep,2022,607.1
mining_and_logging,2022-10-01,Oct,2022,608.2
mining_and_logging,2022-11-01,Nov,2022,610.4
mining_and_logging,2022-12-01,Dec,2022,612.6999999999999
mining_and_logging,2023-01-01,Jan,2023,618.2
mining_and_logging,2023-02-01,Feb,2023,622.1999999999999
mining_and_logging,2023-03-01,Mar,2023,623.9
mining_and_logging,2023-04-01,Apr,2023,623.5
mining_and_logging,2023-05-01,May,2023,623.9
mining_and_logging,2023-06-01,Jun,2023,626.1
mining_and_logging,2023-07-01,Jul,2023,623.7
mining_and_logging,2023-08-01,Aug,2023,623.3
mining_and_logging,2023-09-01,Sep,2023,621.3
mining_and_logging,2023-10-01,Oct,2023,620.0
mining_and_logging,2023-11-01,Nov,2023,620.1
mining_and_logging,2023-12-01,Dec,2023,625.2
mining_and_logging,2024-01-01,Jan,2024,621.8
mining_and_logging,2024-02-01,Feb,2024,624.5
mining_and_logging,2024-03-01,Mar,2024,627.8
mining_and_logging,2024-04-01,Apr,2024,623.5
mining_and_logging,2024-05-01,May,2024,621.9
mining_and_logging,2024-06-01,Jun,2024,0.0
mining_and_logging,2024-07-01,Jul,2024,0.0
mining_and_logging,2024-08-01,Aug,2024,0.0
mining_and_logging,2024-09-01,Sep,2024,0.0
mining_and_logging,2024-10-01,Oct,2024,0.0
mining_and_logging,2024-11-01,Nov,2024,0.0
mining_and_logging,2024-12-01,Dec,2024,0.0
mining_logging_and_construction,2014-01-01,Jan,2014,406.0
mining_logging_and_construction,2014-02-01,Feb,2014,405.6
mining_logging_and_construction,2014-03-01,Mar,2014,407.3
mining_logging_and_construction,2014-04-01,Apr,2014,410.4
mining_logging_and_construction,2014-05-01,May,2014,413.1
mining_logging_and_construction,2014-06-01,Jun,2014,412.90000000000003
mining_logging_and_construction,2014-07-01,Jul,2014,413.59999999999997
mining_logging_and_construction,2014-08-01,Aug,2014,414.7
mining_logging_and_construction,2014-09-01,Sep,2014,415.40000000000003
mining_logging_and_construction,2014-10-01,Oct,2014,418.4
mining_logging_and_construction,2014-11-01,Nov,2014,419.5
mining_logging_and_construction,2014-12-01,Dec,2014,420.90000000000003
mining_logging_and_construction,2015-01-01,Jan,2015,419.5
mining_logging_and_construction,2015-02-01,Feb,2015,421.7
mining_logging_and_construction,2015-03-01,Mar,2015,420.0
mining_logging_and_construction,2015-04-01,Apr,2015,424.1
mining_logging_and_construction,2015-05-01,May,2015,427.0
mining_logging_and_construction,2015-06-01,Jun,2015,427.1
mining_logging_and_construction,2015-07-01,Jul,2015,430.0
mining_logging_and_construction,2015-08-01,Aug,2015,430.2
mining_logging_and_construction,2015-09-01,Sep,2015,432.4
mining_logging_and_construction,2015-10-01,Oct,2015,438.3
mining_logging_and_construction,2015-11-01,Nov,2015,437.2
mining_logging_and_construction,2015-12-01,Dec,2015,438.3
mining_logging_and_construction,2016-01-01,Jan,2016,438.3
mining_logging_and_construction,2016-02-01,Feb,2016,437.2
mining_logging_and_construction,2016-03-01,Mar,2016,440.4
mining_logging_and_construction,2016-04-01,Apr,2016,439.5
mining_logging_and_construction,2016-05-01,May,2016,437.7
mining_logging_and_construction,2016-06-01,Jun,2016,439.8
mining_logging_and_construction,2016-07-01,Jul,2016,442.3
mining_logging_and_construction,2016-08-01,Aug,2016,441.7
mining_logging_and_construction,2016-09-01,Sep,2016,443.1
mining_logging_and_construction,2016-10-01,Oct,2016,442.9
mining_logging_and_construction,2016-11-01,Nov,2016,442.59999999999997
mining_logging_and_construction,2016-12-01,Dec,2016,441.2
mining_logging_and_construction,2017-01-01,Jan,2017,442.5
mining_logging_and_construction,2017-02-01,Feb,2017,445.8
mining_logging_and_construction,2017-03-01,Mar,2017,444.3
mining_logging_and_construction,2017-04-01,Apr,2017,444.6
mining_logging_and_construction,2017-05-01,May,2017,442.8
mining_logging_and_construction,2017-06-01,Jun,2017,443.8
mining_logging_and_construction,2017-07-01,Jul,2017,442.8
mining_logging_and_construction,2017-08-01,Aug,2017,444.2
mining_logging_and_construction,2017-09-01,Sep,2017,444.3
mining_logging_and_construction,2017-10-01,Oct,2017,443.3
mining_logging_and_construction,2017-11-01,Nov,2017,447.0
mining_logging_and_construction,2017-12-01,Dec,2017,448.9
mining_logging_and_construction,2018-01-01,Jan,2018,448.09999999999997
mining_logging_and_construction,2018-02-01,Feb,2018,450.5
mining_logging_and_construction,2018-03-01,Mar,2018,452.8
mining_logging_and_construction,2018-04-01,Apr,2018,453.7
mining_logging_and_construction,2018-05-01,May,2018,455.5
mining_logging_and_construction,2018-06-01,Jun,2018,457.9
mining_logging_and_construction,2018-07-01,Jul,2018,459.79999999999995
mining_logging_and_construction,2018-08-01,Aug,2018,461.7
mining_logging_and_construction,2018-09-01,Sep,2018,463.1
mining_logging_and_construction,2018-10-01,Oct,2018,462.8
mining_logging_and_construction,2018-11-01,Nov,2018,463.0
mining_logging_and_construction,2018-12-01,Dec,2018,461.40000000000003
mining_logging_and_construction,2019-01-01,Jan,2019,468.5
mining_logging_and_construction,2019-02-01,Feb,2019,464.6
mining_logging_and_construction,2019-03-01,Mar,2019,464.7
mining_logging_and_construction,2019-04-01,Apr,2019,467.4
mining_logging_and_construction,2019-05-01,May,2019,468.2
mining_logging_and_construction,2019-06-01,Jun,2019,469.7
mining_logging_and_construction,2019-07-01,Jul,2019,469.90000000000003
mining_logging_and_construction,2019-08-01,Aug,2019,470.9
mining_logging_and_construction,2019-09-01,Sep,2019,472.0
mining_logging_and_construction,2019-10-01,Oct,2019,473.8
mining_logging_and_construction,2019-11-01,Nov,2019,473.8
mining_logging_and_construction,2019-12-01,Dec,2019,473.0
mining_logging_and_construction,2020-01-01,Jan,2020,475.4
mining_logging_and_construction,2020-02-01,Feb,2020,475.3
mining_logging_and_construction,2020-03-01,Mar,2020,472.9
mining_logging_and_construction,2020-04-01,Apr,2020,438.8
mining_logging_and_construction,2020-05-01,May,2020,452.2
mining_logging_and_construction,2020-06-01,Jun,2020,456.5
mining_logging_and_construction,2020-07-01,Jul,2020,457.59999999999997
mining_logging_and_construction,2020-08-01,Aug,2020,460.09999999999997
mining_logging_and_construction,2020-09-01,Sep,2020,462.90000000000003
mining_logging_and_construction,2020-10-01,Oct,2020,465.90000000000003
mining_logging_and_construction,2020-11-01,Nov,2020,468.1
mining_logging_and_construction,2020-12-01,Dec,2020,471.3
mining_logging_and_construction,2021-01-01,Jan,2021,471.5
mining_logging_and_construction,2021-02-01,Feb,2021,468.70000000000005
mining_logging_and_construction,2021-03-01,Mar,2021,473.3
mining_logging_and_construction,2021-04-01,Apr,2021,474.2
mining_logging_and_construction,2021-05-01,May,2021,473.09999999999997
mining_logging_and_construction,2021-06-01,Jun,2021,472.9
mining_logging_and_construction,2021-07-01,Jul,2021,475.9
mining_logging_and_construction,2021-08-01,Aug,2021,476.6
mining_logging_and_construction,2021-09-01,Sep,2021,477.5
mining_logging_and_construction,2021-10-01,Oct,2021,480.40000000000003
mining_logging_and_construction,2021-11-01,Nov,2021,482.2
mining_logging_and_construction,2021-12-01,Dec,2021,485.3
mining_logging_and_construction,2022-01-01,Jan,2022,486.09999999999997
mining_logging_and_construction,2022-02-01,Feb,2022,489.80000000000007
mining_logging_and_construction,2022-03-01,Mar,2022,490.3
mining_logging_and_construction,2022-04-01,Apr,2022,490.90000000000003
mining_logging_and_construction,2022-05-01,May,2022,491.2
mining_logging_and_construction,2022-06-01,Jun,2022,491.09999999999997
mining_logging_and_construction,2022-07-01,Jul,2022,495.8
mining_logging_and_construction,2022-08-01,Aug,2022,497.5
mining_logging_and_construction,2022-09-01,Sep,2022,500.4
mining_logging_and_construction,2022-10-01,Oct,2022,500.7
mining_logging_and_construction,2022-11-01,Nov,2022,501.59999999999997
mining_logging_and_construction,2022-12-01,Dec,2022,502.8
mining_logging_and_construction,2023-01-01,Jan,2023,506.79999999999995
mining_logging_and_construction,2023-02-01,Feb,2023,507.1
mining_logging_and_construction,2023-03-01,Mar,2023,507.5
mining_logging_and_construction,2023-04-01,Apr,2023,508.90000000000003
mining_logging_and_construction,2023-05-01,May,2023,509.7
mining_logging_and_construction,2023-06-01,Jun,2023,511.4
mining_logging_and_construction,2023-07-01,Jul,2023,509.2
mining_logging_and_construction,2023-08-01,Aug,2023,509.0
mining_logging_and_construction,2023-09-01,Sep,2023,509.6
mining_logging_and_construction,2023-10-01,Oct,2023,507.1
mining_logging_and_construction,2023-11-01,Nov,2023,508.5
mining_logging_and_construction,2023-12-01,Dec,2023,509.40000000000003
mining_logging_and_construction,2024-01-01,Jan,2024,508.2
mining_logging_and_construction,2024-02-01,Feb,2024,510.6
mining_logging_and_construction,2024-03-01,Mar,2024,511.6
mining_logging_and_construction,2024-04-01,Apr,2024,512.2
mining_logging_and_construction,2024-05-01,May,2024,510.3
mining_logging_and_construction,2024-06-01,Jun,2024,0.0
mining_logging_and_construction,2024-07-01,Jul,2024,0.0
mining_logging_and_construction,2024-08-01,Aug,2024,0.0
mining_logging_and_construction,2024-09-01,Sep,2024,0.0
mining_logging_and_construction,2024-10-01,Oct,2024,0.0
mining_logging_and_construction,2024-11-01,Nov,2024,0.0
mining_logging_and_construction,2024-12-01,Dec,2024,0.0
other_services,2014-01-01,Jan,2014,5417.1
other_services,2014-02-01,Feb,2014,5423.0
other_services,2014-03-01,Mar,2014,5435.6
other_services,2014-04-01,Apr,2014,5447.6
other_services,2014-05-01,May,2014,5459.6
other_services,2014-06-01,Jun,2014,5466.0
other_services,2014-07-01,Jul,2014,5471.4
other_services,2014-08-01,Aug,2014,5477.1
other_services,2014-09-01,Sep,2014,5481.9
other_services,2014-10-01,Oct,2014,5490.7
other_services,2014-11-01,Nov,2014,5497.3
other_services,2014-12-01,Dec,2014,5501.8
other_services,2015-01-01,Jan,2015,5504.6
other_services,2015-02-01,Feb,2015,5507.1
other_services,2015-03-01,Mar,2015,5513.2
other_services,2015-04-01,Apr,2015,5509.5
other_services,2015-05-01,May,2015,5524.0
other_services,2015-06-01,Jun,2015,5530.8
other_services,2015-07-01,Jul,2015,5544.9
other_services,2015-08-01,Aug,2015,5550.3
other_services,2015-09-01,Sep,2015,5551.4
other_services,2015-10-01,Oct,2015,5562.0
other_services,2015-11-01,Nov,2015,5571.7
other_services,2015-12-01,Dec,2015,5584.2
other_services,2016-01-01,Jan,2016,5591.8
other_services,2016-02-01,Feb,2016,5600.2
other_services,2016-03-01,Mar,2016,5604.1
other_services,2016-04-01,Apr,2016,5617.5
other_services,2016-05-01,May,2016,5619.1
other_services,2016-06-01,Jun,2016,5608.7
other_services,2016-07-01,Jul,2016,5632.0
other_services,2016-08-01,Aug,2016,5636.6
other_services,2016-09-01,Sep,2016,5651.2
other_services,2016-10-01,Oct,2016,5654.2
other_services,2016-11-01,Nov,2016,5655.0
other_services,2016-12-01,Dec,2016,5650.1
other_services,2017-01-01,Jan,2017,5652.9
other_services,2017-02-01,Feb,2017,5655.4
other_services,2017-03-01,Mar,2017,5663.8
other_services,2017-04-01,Apr,2017,5665.0
other_services,2017-05-01,May,2017,5669.9
other_services,2017-06-01,Jun,2017,5676.5
other_services,2017-07-01,Jul,2017,5669.0
other_services,2017-08-01,Aug,2017,5674.1
other_services,2017-09-01,Sep,2017,5670.8
other_services,2017-10-01,Oct,2017,5679.4
other_services,2017-11-01,Nov,2017,5685.3
other_services,2017-12-01,Dec,2017,5700.0
other_services,2018-01-01,Jan,2018,5701.5
other_services,2018-02-01,Feb,2018,5707.3
other_services,2018-03-01,Mar,2018,5715.2
other_services,2018-04-01,Apr,2018,5718.1
other_services,2018-05-01,May,2018,5727.4
other_services,2018-06-01,Jun,2018,5740.2
other_services,2018-07-01,Jul,2018,5735.8
other_services,2018-08-01,Aug,2018,5743.6
other_services,2018-09-01,Sep,2018,5745.9
other_services,2018-10-01,Oct,2018,5768.3
other_services,2018-11-01,Nov,2018,5764.4
other_services,2018-12-01,Dec,2018,5763.2
other_services,2019-01-01,Jan,2019,5779.1
other_services,2019-02-01,Feb,2019,5783.0
other_services,2019-03-01,Mar,2019,5788.6
other_services,2019-04-01,Apr,2019,5793.9
other_services,2019-05-01,May,2019,5799.1
other_services,2019-06-01,Jun,2019,5805.1
other_services,2019-07-01,Jul,2019,5807.0
other_services,2019-08-01,Aug,2019,5812.3
other_services,2019-09-01,Sep,2019,5812.7
other_services,2019-10-01,Oct,2019,5818.5
other_services,2019-11-01,Nov,2019,5832.2
other_services,2019-12-01,Dec,2019,5844.2
other_services,2020-01-01,Jan,2020,5862.0
other_services,2020-02-01,Feb,2020,5869.9
other_services,2020-03-01,Mar,2020,5778.2
other_services,2020-04-01,Apr,2020,4290.8
other_services,2020-05-01,May,2020,4536.9
other_services,2020-06-01,Jun,2020,4874.1
other_services,2020-07-01,Jul,2020,5023.1
other_services,2020-08-01,Aug,2020,5072.3
other_services,2020-09-01,Sep,2020,5158.8
other_services,2020-10-01,Oct,2020,5233.3
other_services,2020-11-01,Nov,2020,5244.9
other_services,2020-12-01,Dec,2020,5203.3
other_services,2021-01-01,Jan,2021,5203.3
other_services,2021-02-01,Feb,2021,5238.6
other_services,2021-03-01,Mar,2021,5285.3
other_services,2021-04-01,Apr,2021,5319.1
other_services,2021-05-01,May,2021,5342.3
other_services,2021-06-01,Jun,2021,5362.5
other_services,2021-07-01,Jul,2021,5414.2
other_services,2021-08-01,Aug,2021,5440.5
other_services,2021-09-01,Sep,2021,5448.2
other_services,2021-10-01,Oct,2021,5510.8
other_services,2021-11-01,Nov,2021,5535.8
other_services,2021-12-01,Dec,2021,5564.9
other_services,2022-01-01,Jan,2022,5564.8
other_services,2022-02-01,Feb,2022,5591.8
other_services,2022-03-01,Mar,2022,5604.9
other_services,2022-04-01,Apr,2022,5634.2
other_services,2022-05-01,May,2022,5649.8
other_services,2022-06-01,Jun,2022,5652.5
other_services,2022-07-01,Jul,2022,5685.3
other_services,2022-08-01,Aug,2022,5702.2
other_services,2022-09-01,Sep,2022,5721.7
other_services,2022-10-01,Oct,2022,5731.8
other_services,2022-11-01,Nov,2022,5749.6
other_services,2022-12-01,Dec,2022,5762.5
other_services,2023-01-01,Jan,2023,5790.1
other_services,2023-02-01,Feb,2023,5800.7
other_services,2023-03-01,Mar,2023,5813.2
other_services,2023-04-01,Apr,2023,5810.7
other_services,2023-05-01,May,2023,5824.2
other_services,2023-06-01,Jun,2023,5842.2
other_services,2023-07-01,Jul,2023,5846.5
other_services,2023-08-01,Aug,2023,5853.4
other_services,2023-09-01,Sep,2023,5864.0
other_services,2023-10-01,Oct,2023,5884.1
other_services,2023-11-01,Nov,2023,5898.6
other_services,2023-12-01,Dec,2023,5905.7
other_services,2024-01-01,Jan,2024,5917.4
other_services,2024-02-01,Feb,2024,5923.3
other_services,2024-03-01,Mar,2024,5941.599999999999
other_services,2024-04-01,Apr,2024,5955.5
other_services,2024-05-01,May,2024,5971.1
other_services,2024-06-01,Jun,2024,0.0
other_services,2024-07-01,Jul,2024,0.0
other_services,2024-08-01,Aug,2024,0.0
other_services,2024-09-01,Sep,2024,0.0
other_services,2024-10-01,Oct,2024,0.0
other_services,2024-11-01,Nov,2024,0.0
other_services,2024-12-01,Dec,2024,0.0
private_education_and_health_services,2014-01-01,Jan,2014,21292.6
private_education_and_health_services,2014-02-01,Feb,2014,21316.6
private_education_and_health_services,2014-03-01,Mar,2014,21371.4
private_education_and_health_services,2014-04-01,Apr,2014,21428.8
private_education_and_health_services,2014-05-01,May,2014,21464.6
private_education_and_health_services,2014-06-01,Jun,2014,21503.1
private_education_and_health_services,2014-07-01,Jul,2014,21544.9
private_education_and_health_services,2014-08-01,Aug,2014,21597.4
private_education_and_health_services,2014-09-01,Sep,2014,21630.7
private_education_and_health_services,2014-10-01,Oct,2014,21658.3
private_education_and_health_services,2014-11-01,Nov,2014,21703.7
private_education_and_health_services,2014-12-01,Dec,2014,21751.0
private_education_and_health_services,2015-01-01,Jan,2015,21794.1
private_education_and_health_services,2015-02-01,Feb,2015,21822.0
private_education_and_health_services,2015-03-01,Mar,2015,21856.9
private_education_and_health_services,2015-04-01,Apr,2015,21915.1
private_education_and_health_services,2015-05-01,May,2015,21987.3
private_education_and_health_services,2015-06-01,Jun,2015,22034.5
private_education_and_health_services,2015-07-01,Jul,2015,22094.7
private_education_and_health_services,2015-08-01,Aug,2015,22131.8
private_education_and_health_services,2015-09-01,Sep,2015,22155.1
private_education_and_health_services,2015-10-01,Oct,2015,22246.9
private_education_and_health_services,2015-11-01,Nov,2015,22298.5
private_education_and_health_services,2015-12-01,Dec,2015,22338.7
private_education_and_health_services,2016-01-01,Jan,2016,22373.3
private_education_and_health_services,2016-02-01,Feb,2016,22415.6
private_education_and_health_services,2016-03-01,Mar,2016,22454.9
private_education_and_health_services,2016-04-01,Apr,2016,22535.3
private_education_and_health_services,2016-05-01,May,2016,22578.0
private_education_and_health_services,2016-06-01,Jun,2016,22577.8
private_education_and_health_services,2016-07-01,Jul,2016,22706.6
private_education_and_health_services,2016-08-01,Aug,2016,22726.9
private_education_and_health_services,2016-09-01,Sep,2016,22789.1
private_education_and_health_services,2016-10-01,Oct,2016,22820.8
private_education_and_health_services,2016-11-01,Nov,2016,22848.4
private_education_and_health_services,2016-12-01,Dec,2016,22893.8
private_education_and_health_services,2017-01-01,Jan,2017,22943.2
private_education_and_health_services,2017-02-01,Feb,2017,22993.8
private_education_and_health_services,2017-03-01,Mar,2017,23047.1
private_education_and_health_services,2017-04-01,Apr,2017,23071.7
private_education_and_health_services,2017-05-01,May,2017,23129.9
private_education_and_health_services,2017-06-01,Jun,2017,23176.4
private_education_and_health_services,2017-07-01,Jul,2017,23177.9
private_education_and_health_services,2017-08-01,Aug,2017,23207.7
private_education_and_health_services,2017-09-01,Sep,2017,23237.8
private_education_and_health_services,2017-10-01,Oct,2017,23277.8
private_education_and_health_services,2017-11-01,Nov,2017,23307.4
private_education_and_health_services,2017-12-01,Dec,2017,23366.2
private_education_and_health_services,2018-01-01,Jan,2018,23420.5
private_education_and_health_services,2018-02-01,Feb,2018,23472.7
private_education_and_health_services,2018-03-01,Mar,2018,23515.5
private_education_and_health_services,2018-04-01,Apr,2018,23534.0
private_education_and_health_services,2018-05-01,May,2018,23563.0
private_education_and_health_services,2018-06-01,Jun,2018,23612.199999999997
private_education_and_health_services,2018-07-01,Jul,2018,23625.8
private_education_and_health_services,2018-08-01,Aug,2018,23674.7
private_education_and_health_services,2018-09-01,Sep,2018,23708.9
private_education_and_health_services,2018-10-01,Oct,2018,23757.8
private_education_and_health_services,2018-11-01,Nov,2018,23786.7
private_education_and_health_services,2018-12-01,Dec,2018,23830.7
private_education_and_health_services,2019-01-01,Jan,2019,23903.7
private_education_and_health_services,2019-02-01,Feb,2019,23945.9
private_education_and_health_services,2019-03-01,Mar,2019,24007.0
private_education_and_health_services,2019-04-01,Apr,2019,24030.5
private_education_and_health_services,2019-05-01,May,2019,24071.0
private_education_and_health_services,2019-06-01,Jun,2019,24087.0
private_education_and_health_services,2019-07-01,Jul,2019,24120.800000000003
private_education_and_health_services,2019-08-01,Aug,2019,24193.5
private_education_and_health_services,2019-09-01,Sep,2019,24235.2
private_education_and_health_services,2019-10-01,Oct,2019,24256.7
private_education_and_health_services,2019-11-01,Nov,2019,24325.9
private_education_and_health_services,2019-12-01,Dec,2019,24344.3
private_education_and_health_services,2020-01-01,Jan,2020,24421.8
private_education_and_health_services,2020-02-01,Feb,2020,24470.3
private_education_and_health_services,2020-03-01,Mar,2020,24350.9
private_education_and_health_services,2020-04-01,Apr,2020,21664.0
private_education_and_health_services,2020-05-01,May,2020,22079.0
private_education_and_health_services,2020-06-01,Jun,2020,22609.9
private_education_and_health_services,2020-07-01,Jul,2020,22770.0
private_education_and_health_services,2020-08-01,Aug,2020,22972.9
private_education_and_health_services,2020-09-01,Sep,2020,23082.5
private_education_and_health_services,2020-10-01,Oct,2020,23241.1
private_education_and_health_services,2020-11-01,Nov,2020,23303.2
private_education_and_health_services,2020-12-01,Dec,2020,23350.6
private_education_and_health_services,2021-01-01,Jan,2021,23387.7
private_education_and_health_services,2021-02-01,Feb,2021,23421.8
private_education_and_health_services,2021-03-01,Mar,2021,23546.1
private_education_and_health_services,2021-04-01,Apr,2021,23574.5
private_education_and_health_services,2021-05-01,May,2021,23596.6
private_education_and_health_services,2021-06-01,Jun,2021,23644.9
private_education_and_health_services,2021-07-01,Jul,2021,23720.2
private_education_and_health_services,2021-08-01,Aug,2021,23725.7
private_education_and_health_services,2021-09-01,Sep,2021,23626.3
private_education_and_health_services,2021-10-01,Oct,2021,23809.6
private_education_and_health_services,2021-11-01,Nov,2021,23859.3
private_education_and_health_services,2021-12-01,Dec,2021,23887.7
private_education_and_health_services,2022-01-01,Jan,2022,23865.4
private_education_and_health_services,2022-02-01,Feb,2022,23962.1
private_education_and_health_services,2022-03-01,Mar,2022,24022.9
private_education_and_health_services,2022-04-01,Apr,2022,24112.7
private_education_and_health_services,2022-05-01,May,2022,24188.4
private_education_and_health_services,2022-06-01,Jun,2022,24235.4
private_education_and_health_services,2022-07-01,Jul,2022,24388.4
private_education_and_health_services,2022-08-01,Aug,2022,24470.1
private_education_and_health_services,2022-09-01,Sep,2022,24557.4
private_education_and_health_services,2022-10-01,Oct,2022,24607.4
private_education_and_health_services,2022-11-01,Nov,2022,24695.3
private_education_and_health_services,2022-12-01,Dec,2022,24769.6
private_education_and_health_services,2023-01-01,Jan,2023,24931.4
private_education_and_health_services,2023-02-01,Feb,2023,25015.6
private_education_and_health_services,2023-03-01,Mar,2023,25089.2
private_education_and_health_services,2023-04-01,Apr,2023,25157.1
private_education_and_health_services,2023-05-01,May,2023,25263.7
private_education_and_health_services,2023-06-01,Jun,2023,25387.4
private_education_and_health_services,2023-07-01,Jul,2023,25437.9
private_education_and_health_services,2023-08-01,Aug,2023,25523.2
private_education_and_health_services,2023-09-01,Sep,2023,25610.5
private_education_and_health_services,2023-10-01,Oct,2023,25698.6
private_education_and_health_services,2023-11-01,Nov,2023,25809.9
private_education_and_health_services,2023-12-01,Dec,2023,25876.5
private_education_and_health_services,2024-01-01,Jan,2024,25968.0
private_education_and_health_services,2024-02-01,Feb,2024,26063.8
private_education_and_health_services,2024-03-01,Mar,2024,26144.5
private_education_and_health_services,2024-04-01,Apr,2024,26240.5
private_education_and_health_services,2024-05-01,May,2024,26330.9
private_education_and_health_services,2024-06-01,Jun,2024,0.0
private_education_and_health_services,2024-07-01,Jul,2024,0.0
private_education_and_health_services,2024-08-01,Aug,2024,0.0
private_education_and_health_services,2024-09-01,Sep,2024,0.0
private_education_and_health_services,2024-10-01,Oct,2024,0.0
private_education_and_health_services,2024-11-01,Nov,2024,0.0
private_education_and_health_services,2024-12-01,Dec,2024,0.0
professional_and_business_services,2014-01-01,Jan,2014,18880.3
professional_and_business_services,2014-02-01,Feb,2014,18908.9
professional_and_business_services,2014-03-01,Mar,2014,18975.0
professional_and_business_services,2014-04-01,Apr,2014,19057.4
professional_and_business_services,2014-05-01,May,2014,19137.8
professional_and_business_services,2014-06-01,Jun,2014,19162.5
professional_and_business_services,2014-07-01,Jul,2014,19183.1
professional_and_business_services,2014-08-01,Aug,2014,19249.1
professional_and_business_services,2014-09-01,Sep,2014,19297.3
professional_and_business_services,2014-10-01,Oct,2014,19354.4
professional_and_business_services,2014-11-01,Nov,2014,19437.5
professional_and_business_services,2014-12-01,Dec,2014,19499.5
professional_and_business_services,2015-01-01,Jan,2015,19484.5
professional_and_business_services,2015-02-01,Feb,2015,19495.7
professional_and_business_services,2015-03-01,Mar,2015,19515.6
professional_and_business_services,2015-04-01,Apr,2015,19547.4
professional_and_business_services,2015-05-01,May,2015,19660.5
professional_and_business_services,2015-06-01,Jun,2015,19681.8
professional_and_business_services,2015-07-01,Jul,2015,19743.7
professional_and_business_services,2015-08-01,Aug,2015,19792.4
professional_and_business_services,2015-09-01,Sep,2015,19801.8
professional_and_business_services,2015-10-01,Oct,2015,19910.0
professional_and_business_services,2015-11-01,Nov,2015,19957.5
professional_and_business_services,2015-12-01,Dec,2015,20001.7
professional_and_business_services,2016-01-01,Jan,2016,19974.6
professional_and_business_services,2016-02-01,Feb,2016,19992.7
professional_and_business_services,2016-03-01,Mar,2016,20000.9
professional_and_business_services,2016-04-01,Apr,2016,20075.7
professional_and_business_services,2016-05-01,May,2016,20068.4
professional_and_business_services,2016-06-01,Jun,2016,20056.4
professional_and_business_services,2016-07-01,Jul,2016,20174.0
professional_and_business_services,2016-08-01,Aug,2016,20182.9
professional_and_business_services,2016-09-01,Sep,2016,20258.3
professional_and_business_services,2016-10-01,Oct,2016,20228.9
professional_and_business_services,2016-11-01,Nov,2016,20232.5
professional_and_business_services,2016-12-01,Dec,2016,20254.9
professional_and_business_services,2017-01-01,Jan,2017,20286.8
professional_and_business_services,2017-02-01,Feb,2017,20302.9
professional_and_business_services,2017-03-01,Mar,2017,20370.3
professional_and_business_services,2017-04-01,Apr,2017,20352.3
professional_and_business_services,2017-05-01,May,2017,20414.2
professional_and_business_services,2017-06-01,Jun,2017,20479.1
professional_and_business_services,2017-07-01,Jul,2017,20485.5
professional_and_business_services,2017-08-01,Aug,2017,20499.6
professional_and_business_services,2017-09-01,Sep,2017,20524.7
professional_and_business_services,2017-10-01,Oct,2017,20552.0
professional_and_business_services,2017-11-01,Nov,2017,20589.3
professional_and_business_services,2017-12-01,Dec,2017,20636.8
professional_and_business_services,2018-01-01,Jan,2018,20681.8
professional_and_business_services,2018-02-01,Feb,2018,20742.9
professional_and_business_services,2018-03-01,Mar,2018,20805.9
professional_and_business_services,2018-04-01,Apr,2018,20799.8
professional_and_business_services,2018-05-01,May,2018,20839.3
professional_and_business_services,2018-06-01,Jun,2018,20911.1
professional_and_business_services,2018-07-01,Jul,2018,20941.3
professional_and_business_services,2018-08-01,Aug,2018,20986.9
professional_and_business_services,2018-09-01,Sep,2018,21016.9
professional_and_business_services,2018-10-01,Oct,2018,21045.1
professional_and_business_services,2018-11-01,Nov,2018,21062.8
professional_and_business_services,2018-12-01,Dec,2018,21051.9
professional_and_business_services,2019-01-01,Jan,2019,21089.1
professional_and_business_services,2019-02-01,Feb,2019,21112.7
professional_and_business_services,2019-03-01,Mar,2019,21125.5
professional_and_business_services,2019-04-01,Apr,2019,21191.1
professional_and_business_services,2019-05-01,May,2019,21230.1
professional_and_business_services,2019-06-01,Jun,2019,21289.6
professional_and_business_services,2019-07-01,Jul,2019,21301.9
professional_and_business_services,2019-08-01,Aug,2019,21346.4
professional_and_business_services,2019-09-01,Sep,2019,21350.0
professional_and_business_services,2019-10-01,Oct,2019,21328.5
professional_and_business_services,2019-11-01,Nov,2019,21360.8
professional_and_business_services,2019-12-01,Dec,2019,21358.7
professional_and_business_services,2020-01-01,Jan,2020,21395.8
professional_and_business_services,2020-02-01,Feb,2020,21401.8
professional_and_business_services,2020-03-01,Mar,2020,21287.6
professional_and_business_services,2020-04-01,Apr,2020,19204.7
professional_and_business_services,2020-05-01,May,2020,19458.2
professional_and_business_services,2020-06-01,Jun,2020,19727.5
professional_and_business_services,2020-07-01,Jul,2020,19914.8
professional_and_business_services,2020-08-01,Aug,2020,20107.4
professional_and_business_services,2020-09-01,Sep,2020,20209.6
professional_and_business_services,2020-10-01,Oct,2020,20479.2
professional_and_business_services,2020-11-01,Nov,2020,20597.8
professional_and_business_services,2020-12-01,Dec,2020,20735.7
professional_and_business_services,2021-01-01,Jan,2021,20830.8
professional_and_business_services,2021-02-01,Feb,2021,20893.7
professional_and_business_services,2021-03-01,Mar,2021,21030.6
professional_and_business_services,2021-04-01,Apr,2021,21063.7
professional_and_business_services,2021-05-01,May,2021,21183.8
professional_and_business_services,2021-06-01,Jun,2021,21195.2
professional_and_business_services,2021-07-01,Jul,2021,21392.2
professional_and_business_services,2021-08-01,Aug,2021,21441.9
professional_and_business_services,2021-09-01,Sep,2021,21481.3
professional_and_business_services,2021-10-01,Oct,2021,21875.3
professional_and_business_services,2021-11-01,Nov,2021,21986.6
professional_and_business_services,2021-12-01,Dec,2021,22099.0
professional_and_business_services,2022-01-01,Jan,2022,22177.3
professional_and_business_services,2022-02-01,Feb,2022,22314.5
professional_and_business_services,2022-03-01,Mar,2022,22385.3
professional_and_business_services,2022-04-01,Apr,2022,22522.7
professional_and_business_services,2022-05-01,May,2022,22566.6
professional_and_business_services,2022-06-01,Jun,2022,22581.7
professional_and_business_services,2022-07-01,Jul,2022,22746.5
professional_and_business_services,2022-08-01,Aug,2022,22772.1
professional_and_business_services,2022-09-01,Sep,2022,22815.3
professional_and_business_services,2022-10-01,Oct,2022,22751.6
professional_and_business_services,2022-11-01,Nov,2022,22725.9
professional_and_business_services,2022-12-01,Dec,2022,22697.2
professional_and_business_services,2023-01-01,Jan,2023,22730.0
professional_and_business_services,2023-02-01,Feb,2023,22709.8
professional_and_business_services,2023-03-01,Mar,2023,22718.6
professional_and_business_services,2023-04-01,Apr,2023,22688.1
professional_and_business_services,2023-05-01,May,2023,22684.8
professional_and_business_services,2023-06-01,Jun,2023,22708.9
professional_and_business_services,2023-07-01,Jul,2023,22601.7
professional_and_business_services,2023-08-01,Aug,2023,22589.1
professional_and_business_services,2023-09-01,Sep,2023,22626.5
professional_and_business_services,2023-10-01,Oct,2023,22522.8
professional_and_business_services,2023-11-01,Nov,2023,22517.0
professional_and_business_services,2023-12-01,Dec,2023,22528.3
professional_and_business_services,2024-01-01,Jan,2024,22589.6
professional_and_business_services,2024-02-01,Feb,2024,22606.3
professional_and_business_services,2024-03-01,Mar,2024,22628.6
professional_and_business_services,2024-04-01,Apr,2024,22654.1
professional_and_business_services,2024-05-01,May,2024,22693.6
professional_and_business_services,2024-06-01,Jun,2024,0.0
professional_and_business_services,2024-07-01,Jul,2024,0.0
professional_and_business_services,2024-08-01,Aug,2024,0.0
professional_and_business_services,2024-09-01,Sep,2024,0.0
professional_and_business_services,2024-10-01,Oct,2024,0.0
professional_and_business_services,2024-11-01,Nov,2024,0.0
professional_and_business_services,2024-12-01,Dec,2024,0.0
total_nonfarm,2014-01-01,Jan,2014,138066.2
total_nonfarm,2014-02-01,Feb,2014,138207.3
total_nonfarm,2014-03-01,Mar,2014,138515.4
total_nonfarm,2014-04-01,Apr,2014,138908.0
total_nonfarm,2014-05-01,May,2014,139222.9
total_nonfarm,2014-06-01,Jun,2014,139417.6
total_nonfarm,2014-07-01,Jul,2014,139561.5
total_nonfarm,2014-08-01,Aug,2014,139863.8
total_nonfarm,2014-09-01,Sep,2014,140130.9
total_nonfarm,2014-10-01,Oct,2014,140377.4
total_nonfarm,2014-11-01,Nov,2014,140724.5
total_nonfarm,2014-12-01,Dec,2014,141028.3
total_nonfarm,2015-01-01,Jan,2015,141125.6
total_nonfarm,2015-02-01,Feb,2015,141262.5
total_nonfarm,2015-03-01,Mar,2015,141345.2
total_nonfarm,2015-04-01,Apr,2015,141566.4
total_nonfarm,2015-05-01,May,2015,142078.9
total_nonfarm,2015-06-01,Jun,2015,142271.4
total_nonfarm,2015-07-01,Jul,2015,142536.8
total_nonfarm,2015-08-01,Aug,2015,142770.2
total_nonfarm,2015-09-01,Sep,2015,142910.8
total_nonfarm,2015-10-01,Oct,2015,143275.6
total_nonfarm,2015-11-01,Nov,2015,143467.8
total_nonfarm,2015-12-01,Dec,2015,143697.6
total_nonfarm,2016-01-01,Jan,2016,143733.6
total_nonfarm,2016-02-01,Feb,2016,143941.8
total_nonfarm,2016-03-01,Mar,2016,144088.7
total_nonfarm,2016-04-01,Apr,2016,144456.3
total_nonfarm,2016-05-01,May,2016,144449.3
total_nonfarm,2016-06-01,Jun,2016,144413.4
total_nonfarm,2016-07-01,Jul,2016,145008.7
total_nonfarm,2016-08-01,Aug,2016,145091.1
total_nonfarm,2016-09-01,Sep,2016,145431.6
total_nonfarm,2016-10-01,Oct,2016,145400.2
total_nonfarm,2016-11-01,Nov,2016,145581.1
total_nonfarm,2016-12-01,Dec,2016,145677.2
total_nonfarm,2017-01-01,Jan,2017,145854.4
total_nonfarm,2017-02-01,Feb,2017,146082.6
total_nonfarm,2017-03-01,Mar,2017,146317.2
total_nonfarm,2017-04-01,Apr,2017,146414.0
total_nonfarm,2017-05-01,May,2017,146613.6
total_nonfarm,2017-06-01,Jun,2017,146917.6
total_nonfarm,2017-07-01,Jul,2017,146893.1
total_nonfarm,2017-08-01,Aug,2017,147043.3
total_nonfarm,2017-09-01,Sep,2017,147100.9
total_nonfarm,2017-10-01,Oct,2017,147361.5
total_nonfarm,2017-11-01,Nov,2017,147526.7
total_nonfarm,2017-12-01,Dec,2017,147799.0
total_nonfarm,2018-01-01,Jan,2018,147943.4
total_nonfarm,2018-02-01,Feb,2018,148303.7
total_nonfarm,2018-03-01,Mar,2018,148550.7
total_nonfarm,2018-04-01,Apr,2018,148562.7
total_nonfarm,2018-05-01,May,2018,148842.2
total_nonfarm,2018-06-01,Jun,2018,149172.1
total_nonfarm,2018-07-01,Jul,2018,149183.4
total_nonfarm,2018-08-01,Aug,2018,149407.8
total_nonfarm,2018-09-01,Sep,2018,149549.3
total_nonfarm,2018-10-01,Oct,2018,149742.1
total_nonfarm,2018-11-01,Nov,2018,149897.2
total_nonfarm,2018-12-01,Dec,2018,149986.4
total_nonfarm,2019-01-01,Jan,2019,150298.9
total_nonfarm,2019-02-01,Feb,2019,150378.6
total_nonfarm,2019-03-01,Mar,2019,150562.6
total_nonfarm,2019-04-01,Apr,2019,150740.4
total_nonfarm,2019-05-01,May,2019,150880.8
total_nonfarm,2019-06-01,Jun,2019,151016.8
total_nonfarm,2019-07-01,Jul,2019,151095.6
total_nonfarm,2019-08-01,Aug,2019,151322.2
total_nonfarm,2019-09-01,Sep,2019,151404.4
total_nonfarm,2019-10-01,Oct,2019,151462.8
total_nonfarm,2019-11-01,Nov,2019,151744.3
total_nonfarm,2019-12-01,Dec,2019,151848.4
total_nonfarm,2020-01-01,Jan,2020,152093.5
total_nonfarm,2020-02-01,Feb,2020,152178.8
total_nonfarm,2020-03-01,Mar,2020,151112.5
total_nonfarm,2020-04-01,Apr,2020,129938.6
total_nonfarm,2020-05-01,May,2020,132617.0
total_nonfarm,2020-06-01,Jun,2020,136823.0
total_nonfarm,2020-07-01,Jul,2020,138462.7
total_nonfarm,2020-08-01,Aug,2020,140063.4
total_nonfarm,2020-09-01,Sep,2020,141278.5
total_nonfarm,2020-10-01,Oct,2020,142433.3
total_nonfarm,2020-11-01,Nov,2020,142764.1
total_nonfarm,2020-12-01,Dec,2020,142650.9
total_nonfarm,2021-01-01,Jan,2021,142997.6
total_nonfarm,2021-02-01,Feb,2021,143466.2
total_nonfarm,2021-03-01,Mar,2021,144437.5
total_nonfarm,2021-04-01,Apr,2021,144879.0
total_nonfarm,2021-05-01,May,2021,145441.8
total_nonfarm,2021-06-01,Jun,2021,145982.4
total_nonfarm,2021-07-01,Jul,2021,147163.9
total_nonfarm,2021-08-01,Aug,2021,147502.9
total_nonfarm,2021-09-01,Sep,2021,147621.6
total_nonfarm,2021-10-01,Oct,2021,149155.7
total_nonfarm,2021-11-01,Nov,2021,149653.8
total_nonfarm,2021-12-01,Dec,2021,150244.8
total_nonfarm,2022-01-01,Jan,2022,150275.8
total_nonfarm,2022-02-01,Feb,2022,151212.3
total_nonfarm,2022-03-01,Mar,2022,151594.5
total_nonfarm,2022-04-01,Apr,2022,152191.2
total_nonfarm,2022-05-01,May,2022,152450.7
total_nonfarm,2022-06-01,Jun,2022,152555.9
total_nonfarm,2022-07-01,Jul,2022,153487.7
total_nonfarm,2022-08-01,Aug,2022,153789.8
total_nonfarm,2022-09-01,Sep,2022,154097.0
total_nonfarm,2022-10-01,Oct,2022,154107.6
total_nonfarm,2022-11-01,Nov,2022,154331.6
total_nonfarm,2022-12-01,Dec,2022,154487.0
total_nonfarm,2023-01-01,Jan,2023,155073.2
total_nonfarm,2023-02-01,Feb,2023,155281.8
total_nonfarm,2023-03-01,Mar,2023,155462.4
total_nonfarm,2023-04-01,Apr,2023,155536.4
total_nonfarm,2023-05-01,May,2023,155790.8
total_nonfarm,2023-06-01,Jun,2023,156189.7
total_nonfarm,2023-07-01,Jul,2023,155943.6
total_nonfarm,2023-08-01,Aug,2023,156115.5
total_nonfarm,2023-09-01,Sep,2023,156406.3
total_nonfarm,2023-10-01,Oct,2023,156478.8
total_nonfarm,2023-11-01,Nov,2023,156671.0
total_nonfarm,2023-12-01,Dec,2023,156887.4
total_nonfarm,2024-01-01,Jan,2024,157132.8
total_nonfarm,2024-02-01,Feb,2024,157355.1
total_nonfarm,2024-03-01,Mar,2024,157634.7
total_nonfarm,2024-04-01,Apr,2024,157887.8
total_nonfarm,2024-05-01,May,2024,158180.6
total_nonfarm,2024-06-01,Jun,2024,0.0
total_nonfarm,2024-07-01,Jul,2024,0.0
total_nonfarm,2024-08-01,Aug,2024,0.0
total_nonfarm,2024-09-01,Sep,2024,0.0
total_nonfarm,2024-10-01,Oct,2024,0.0
total_nonfarm,2024-11-01,Nov,2024,0.0
total_nonfarm,2024-12-01,Dec,2024,0.0
trade_transportation_and_utilities,2014-01-01,Jan,2014,26078.0
trade_transportation_and_utilities,2014-02-01,Feb,2014,26095.3
trade_transportation_and_utilities,2014-03-01,Mar,2014,26156.5
trade_transportation_and_utilities,2014-04-01,Apr,2014,26221.8
trade_transportation_and_utilities,2014-05-01,May,2014,26257.3
trade_transportation_and_utilities,2014-06-01,Jun,2014,26313.9
trade_transportation_and_utilities,2014-07-01,Jul,2014,26338.6
trade_transportation_and_utilities,2014-08-01,Aug,2014,26380.0
trade_transportation_and_utilities,2014-09-01,Sep,2014,26441.7
trade_transportation_and_utilities,2014-10-01,Oct,2014,26487.2
trade_transportation_and_utilities,2014-11-01,Nov,2014,26571.2
trade_transportation_and_utilities,2014-12-01,Dec,2014,26661.0
trade_transportation_and_utilities,2015-01-01,Jan,2015,26653.7
trade_transportation_and_utilities,2015-02-01,Feb,2015,26675.0
trade_transportation_and_utilities,2015-03-01,Mar,2015,26724.0
trade_transportation_and_utilities,2015-04-01,Apr,2015,26763.6
trade_transportation_and_utilities,2015-05-01,May,2015,26854.1
trade_transportation_and_utilities,2015-06-01,Jun,2015,26920.3
trade_transportation_and_utilities,2015-07-01,Jul,2015,26947.5
trade_transportation_and_utilities,2015-08-01,Aug,2015,26995.2
trade_transportation_and_utilities,2015-09-01,Sep,2015,27020.899999999998
trade_transportation_and_utilities,2015-10-01,Oct,2015,27056.4
trade_transportation_and_utilities,2015-11-01,Nov,2015,27065.2
trade_transportation_and_utilities,2015-12-01,Dec,2015,27074.6
trade_transportation_and_utilities,2016-01-01,Jan,2016,27065.6
trade_transportation_and_utilities,2016-02-01,Feb,2016,27130.9
trade_transportation_and_utilities,2016-03-01,Mar,2016,27168.1
trade_transportation_and_utilities,2016-04-01,Apr,2016,27217.7
trade_transportation_and_utilities,2016-05-01,May,2016,27220.2
trade_transportation_and_utilities,2016-06-01,Jun,2016,27199.7
trade_transportation_and_utilities,2016-07-01,Jul,2016,27289.4
trade_transportation_and_utilities,2016-08-01,Aug,2016,27302.4
trade_transportation_and_utilities,2016-09-01,Sep,2016,27334.3
trade_transportation_and_utilities,2016-10-01,Oct,2016,27346.7
trade_transportation_and_utilities,2016-11-01,Nov,2016,27346.3
trade_transportation_and_utilities,2016-12-01,Dec,2016,27371.1
trade_transportation_and_utilities,2017-01-01,Jan,2017,27379.8
trade_transportation_and_utilities,2017-02-01,Feb,2017,27385.9
trade_transportation_and_utilities,2017-03-01,Mar,2017,27387.9
trade_transportation_and_utilities,2017-04-01,Apr,2017,27422.4
trade_transportation_and_utilities,2017-05-01,May,2017,27413.5
trade_transportation_and_utilities,2017-06-01,Jun,2017,27456.1
trade_transportation_and_utilities,2017-07-01,Jul,2017,27457.6
trade_transportation_and_utilities,2017-08-01,Aug,2017,27498.0
trade_transportation_and_utilities,2017-09-01,Sep,2017,27492.1
trade_transportation_and_utilities,2017-10-01,Oct,2017,27513.1
trade_transportation_and_utilities,2017-11-01,Nov,2017,27540.3
trade_transportation_and_utilities,2017-12-01,Dec,2017,27563.4
trade_transportation_and_utilities,2018-01-01,Jan,2018,27574.5
trade_transportation_and_utilities,2018-02-01,Feb,2018,27617.7
trade_transportation_and_utilities,2018-03-01,Mar,2018,27645.1
trade_transportation_and_utilities,2018-04-01,Apr,2018,27642.5
trade_transportation_and_utilities,2018-05-01,May,2018,27698.0
trade_transportation_and_utilities,2018-06-01,Jun,2018,27722.8
trade_transportation_and_utilities,2018-07-01,Jul,2018,27726.2
trade_transportation_and_utilities,2018-08-01,Aug,2018,27734.2
trade_transportation_and_utilities,2018-09-01,Sep,2018,27745.8
trade_transportation_and_utilities,2018-10-01,Oct,2018,27718.9
trade_transportation_and_utilities,2018-11-01,Nov,2018,27765.4
trade_transportation_and_utilities,2018-12-01,Dec,2018,27733.4
trade_transportation_and_utilities,2019-01-01,Jan,2019,27802.0
trade_transportation_and_utilities,2019-02-01,Feb,2019,27752.4
trade_transportation_and_utilities,2019-03-01,Mar,2019,27759.9
trade_transportation_and_utilities,2019-04-01,Apr,2019,27770.4
trade_transportation_and_utilities,2019-05-01,May,2019,27776.6
trade_transportation_and_utilities,2019-06-01,Jun,2019,27779.4
trade_transportation_and_utilities,2019-07-01,Jul,2019,27810.2
trade_transportation_and_utilities,2019-08-01,Aug,2019,27831.9
trade_transportation_and_utilities,2019-09-01,Sep,2019,27840.4
trade_transportation_and_utilities,2019-10-01,Oct,2019,27866.3
trade_transportation_and_utilities,2019-11-01,Nov,2019,27921.0
trade_transportation_and_utilities,2019-12-01,Dec,2019,27956.7
trade_transportation_and_utilities,2020-01-01,Jan,2020,27912.8
trade_transportation_and_utilities,2020-02-01,Feb,2020,27872.5
trade_transportation_and_utilities,2020-03-01,Mar,2020,27809.2
trade_transportation_and_utilities,2020-04-01,Apr,2020,24401.9
trade_transportation_and_utilities,2020-05-01,May,2020,25025.2
trade_transportation_and_utilities,2020-06-01,Jun,2020,26054.0
trade_transportation_and_utilities,2020-07-01,Jul,2020,26436.3
trade_transportation_and_utilities,2020-08-01,Aug,2020,26707.2
trade_transportation_and_utilities,2020-09-01,Sep,2020,26927.6
trade_transportation_and_utilities,2020-10-01,Oct,2020,27200.3
trade_transportation_and_utilities,2020-11-01,Nov,2020,27276.2
trade_transportation_and_utilities,2020-12-01,Dec,2020,27357.6
trade_transportation_and_utilities,2021-01-01,Jan,2021,27447.1
trade_transportation_and_utilities,2021-02-01,Feb,2021,27472.2
trade_transportation_and_utilities,2021-03-01,Mar,2021,27578.4
trade_transportation_and_utilities,2021-04-01,Apr,2021,27517.899999999998
trade_transportation_and_utilities,2021-05-01,May,2021,27611.1
trade_transportation_and_utilities,2021-06-01,Jun,2021,27674.2
trade_transportation_and_utilities,2021-07-01,Jul,2021,27823.5
trade_transportation_and_utilities,2021-08-01,Aug,2021,27869.9
trade_transportation_and_utilities,2021-09-01,Sep,2021,27886.3
trade_transportation_and_utilities,2021-10-01,Oct,2021,28240.0
trade_transportation_and_utilities,2021-11-01,Nov,2021,28340.0
trade_transportation_and_utilities,2021-12-01,Dec,2021,28466.8
trade_transportation_and_utilities,2022-01-01,Jan,2022,28444.5
trade_transportation_and_utilities,2022-02-01,Feb,2022,28785.8
trade_transportation_and_utilities,2022-03-01,Mar,2022,28795.4
trade_transportation_and_utilities,2022-04-01,Apr,2022,28865.5
trade_transportation_and_utilities,2022-05-01,May,2022,28814.6
trade_transportation_and_utilities,2022-06-01,Jun,2022,28770.1
trade_transportation_and_utilities,2022-07-01,Jul,2022,28903.1
trade_transportation_and_utilities,2022-08-01,Aug,2022,28937.5
trade_transportation_and_utilities,2022-09-01,Sep,2022,28964.0
trade_transportation_and_utilities,2022-10-01,Oct,2022,28925.0
trade_transportation_and_utilities,2022-11-01,Nov,2022,28887.4
trade_transportation_and_utilities,2022-12-01,Dec,2022,28908.0
trade_transportation_and_utilities,2023-01-01,Jan,2023,28977.4
trade_transportation_and_utilities,2023-02-01,Feb,2023,28980.9
trade_transportation_and_utilities,2023-03-01,Mar,2023,28995.9
trade_transportation_and_utilities,2023-04-01,Apr,2023,29015.0
trade_transportation_and_utilities,2023-05-01,May,2023,29054.2
trade_transportation_and_utilities,2023-06-01,Jun,2023,29101.3
trade_transportation_and_utilities,2023-07-01,Jul,2023,29021.1
trade_transportation_and_utilities,2023-08-01,Aug,2023,29030.4
trade_transportation_and_utilities,2023-09-01,Sep,2023,29082.1
trade_transportation_and_utilities,2023-10-01,Oct,2023,29092.8
trade_transportation_and_utilities,2023-11-01,Nov,2023,29054.0
trade_transportation_and_utilities,2023-12-01,Dec,2023,29059.4
trade_transportation_and_utilities,2024-01-01,Jan,2024,29019.0
trade_transportation_and_utilities,2024-02-01,Feb,2024,29032.6
trade_transportation_and_utilities,2024-03-01,Mar,2024,29061.1
trade_transportation_and_utilities,2024-04-01,Apr,2024,29124.5
trade_transportation_and_utilities,2024-05-01,May,2024,29147.8
trade_transportation_and_utilities,2024-06-01,Jun,2024,0.0
trade_transportation_and_utilities,2024-07-01,Jul,2024,0.0
trade_transportation_and_utilities,2024-08-01,Aug,2024,0.0
trade_transportation_and_utilities,2024-09-01,Sep,2024,0.0
trade_transportation_and_utilities,2024-10-01,Oct,2024,0.0
trade_transportation_and_utilities,2024-11-01,Nov,2024,0.0
trade_transportation_and_utilities,2024-12-01,Dec,2024,0.0
